-- phpMyAdmin SQL Dump
-- version 5.2.1
-- https://www.phpmyadmin.net/
--
-- Host: 127.0.0.1
-- Generation Time: Dec 06, 2023 at 03:51 AM
-- Server version: 10.4.28-MariaDB
-- PHP Version: 8.2.4

SET SQL_MODE = "NO_AUTO_VALUE_ON_ZERO";
START TRANSACTION;
SET time_zone = "+00:00";


/*!40101 SET @OLD_CHARACTER_SET_CLIENT=@@CHARACTER_SET_CLIENT */;
/*!40101 SET @OLD_CHARACTER_SET_RESULTS=@@CHARACTER_SET_RESULTS */;
/*!40101 SET @OLD_COLLATION_CONNECTION=@@COLLATION_CONNECTION */;
/*!40101 SET NAMES utf8mb4 */;

--
-- Database: `meal-tracker-app`
--

-- --------------------------------------------------------

--
-- Table structure for table `barcodes`
--

CREATE TABLE `barcodes` (
  `id` bigint(20) UNSIGNED NOT NULL,
  `card_number` int(11) NOT NULL,
  `barcode_value` varchar(255) NOT NULL,
  `category_id` bigint(20) UNSIGNED NOT NULL,
  `category_type_id` bigint(20) UNSIGNED NOT NULL,
  `owner` varchar(255) NOT NULL,
  `company` varchar(255) NOT NULL,
  `start_date` date NOT NULL,
  `end_date` date NOT NULL,
  `created_at` timestamp NULL DEFAULT NULL,
  `updated_at` timestamp NULL DEFAULT NULL
) ENGINE=InnoDB DEFAULT CHARSET=utf8mb4 COLLATE=utf8mb4_unicode_ci;

--
-- Dumping data for table `barcodes`
--

INSERT INTO `barcodes` (`id`, `card_number`, `barcode_value`, `category_id`, `category_type_id`, `owner`, `company`, `start_date`, `end_date`, `created_at`, `updated_at`) VALUES
(1, 4645, '4072518268421', 5, 11, 'Nyasia Kovacek', 'Bashirian, McClure and VonRueden', '1999-11-09', '2012-05-08', '2023-12-04 19:04:15', '2023-12-04 19:04:15'),
(2, 119, '1223953589074', 7, 2, 'Rubye Ledner', 'Kunze-Will', '1985-04-04', '1980-02-06', '2023-12-04 19:04:15', '2023-12-04 19:04:15'),
(3, 336, '4934509509183', 6, 1, 'Tatum Bosco', 'Lowe-D\'Amore', '1978-10-11', '1996-11-07', '2023-12-04 19:04:15', '2023-12-04 19:04:15'),
(4, 911, '3649860960207', 5, 2, 'Preston Sipes', 'Shanahan, Casper and Thiel', '2014-08-22', '2007-05-21', '2023-12-04 19:04:15', '2023-12-04 19:04:15'),
(5, 1153, '9145209566054', 3, 2, 'Garth Schumm', 'Emmerich, Hamill and D\'Amore', '1996-10-20', '1990-09-06', '2023-12-04 19:04:15', '2023-12-04 19:04:15'),
(6, 2106, '7989484886405', 5, 4, 'Dr. Jarvis Rolfson Sr.', 'Lubowitz and Sons', '1985-10-15', '1980-11-21', '2023-12-04 19:04:15', '2023-12-04 19:04:15'),
(7, 1322, '7529142503376', 5, 7, 'Dr. Era Hagenes', 'Roberts-Gerlach', '2019-11-10', '2003-10-20', '2023-12-04 19:04:15', '2023-12-04 19:04:15'),
(8, 3215, '9818510188931', 5, 10, 'Myles Wiza', 'Marvin-Barton', '2012-07-15', '2010-02-28', '2023-12-04 19:04:15', '2023-12-04 19:04:15'),
(9, 1828, '3576415713561', 6, 4, 'Layne Towne Sr.', 'Senger-Kuhn', '1992-03-12', '1971-02-09', '2023-12-04 19:04:15', '2023-12-04 19:04:15'),
(10, 4161, '5148545240361', 5, 3, 'Mr. Maurice Osinski I', 'Stehr, Davis and Gaylord', '1972-09-12', '1983-09-29', '2023-12-04 19:04:15', '2023-12-04 19:04:15'),
(11, 4889, '2231558725635', 2, 4, 'Alicia Miller', 'Quitzon, Nikolaus and Cormier', '1974-10-01', '2001-11-15', '2023-12-04 19:04:15', '2023-12-04 19:04:15'),
(12, 1183, '4061027584450', 6, 9, 'Noemy Dooley', 'Kertzmann PLC', '2012-02-12', '1986-08-17', '2023-12-04 19:04:15', '2023-12-04 19:04:15'),
(13, 1335, '8306204643749', 8, 11, 'Ursula Bashirian', 'Heathcote Group', '1973-03-14', '1977-12-02', '2023-12-04 19:04:15', '2023-12-04 19:04:15'),
(14, 3297, '5597662615222', 3, 1, 'Erwin Kunze', 'Langosh-Ullrich', '1994-05-06', '2003-06-23', '2023-12-04 19:04:15', '2023-12-04 19:04:15'),
(15, 2624, '7345650733483', 3, 5, 'Gerda Gleichner', 'Durgan, Larson and Simonis', '2021-04-01', '1993-11-30', '2023-12-04 19:04:15', '2023-12-04 19:04:15'),
(16, 4681, '0423102185923', 6, 1, 'Mrs. Odessa Hilpert', 'Boyle-Mann', '1977-06-03', '2015-11-02', '2023-12-04 19:04:15', '2023-12-04 19:04:15'),
(17, 2137, '3684850598381', 7, 1, 'Alessandra Wyman', 'Moore-Schoen', '1989-07-06', '1979-03-27', '2023-12-04 19:04:15', '2023-12-04 19:04:15'),
(18, 643, '1942900345265', 8, 7, 'Miss Winifred Stanton', 'West-Rice', '2008-08-23', '1979-04-28', '2023-12-04 19:04:15', '2023-12-04 19:04:15'),
(19, 378, '1840917988140', 3, 4, 'Prof. Giovanni Runolfsdottir Jr.', 'Jakubowski, Wuckert and Raynor', '1993-11-09', '1977-01-23', '2023-12-04 19:04:15', '2023-12-04 19:04:15'),
(20, 172, '2421448702956', 3, 10, 'Jasmin Conroy', 'Lemke Ltd', '1989-10-25', '1987-11-15', '2023-12-04 19:04:15', '2023-12-04 19:04:15'),
(21, 4630, '7144537829833', 2, 3, 'Hosea Hilpert', 'Lynch, Bosco and Dooley', '2005-03-22', '1984-08-28', '2023-12-04 19:04:15', '2023-12-04 19:04:15'),
(22, 3030, '8648538268763', 9, 9, 'Thea Carroll', 'Koelpin-Ruecker', '2014-05-27', '1981-02-26', '2023-12-04 19:04:15', '2023-12-04 19:04:15'),
(23, 1376, '1354844634877', 7, 3, 'Dr. Shayne Lowe III', 'Dickinson-Morar', '1970-01-31', '1997-09-30', '2023-12-04 19:04:15', '2023-12-04 19:04:15'),
(24, 4828, '5668081816108', 3, 8, 'Kaycee Bailey', 'Huel, Wolf and Carroll', '1991-01-03', '1981-08-12', '2023-12-04 19:04:15', '2023-12-04 19:04:15'),
(25, 1013, '3551734412425', 4, 9, 'Issac Jacobs', 'Bruen, Schaefer and Gaylord', '2021-03-26', '2013-05-27', '2023-12-04 19:04:15', '2023-12-04 19:04:15'),
(26, 3369, '8189709027944', 4, 1, 'Miss Jermaine Hagenes', 'Conroy-Oberbrunner', '1976-09-01', '2011-08-01', '2023-12-04 19:04:15', '2023-12-04 19:04:15'),
(27, 4825, '9022257234077', 6, 10, 'Kane Blanda', 'Macejkovic and Sons', '2003-08-17', '1983-05-13', '2023-12-04 19:04:15', '2023-12-04 19:04:15'),
(28, 4266, '6414029743536', 1, 11, 'Jadon Schmidt', 'Franecki, Hayes and Bayer', '1976-09-18', '2021-01-27', '2023-12-04 19:04:15', '2023-12-04 19:04:15'),
(29, 637, '3762244606796', 9, 5, 'Miss Karli Herzog', 'Monahan, Wisozk and Lebsack', '2012-02-28', '1980-07-23', '2023-12-04 19:04:15', '2023-12-04 19:04:15'),
(30, 3364, '7465887541443', 3, 11, 'Catherine Kovacek', 'Dicki-Crist', '2021-11-20', '2004-02-09', '2023-12-04 19:04:15', '2023-12-04 19:04:15'),
(31, 2556, '1535916951751', 1, 3, 'Andreanne Lemke', 'Stoltenberg-Bruen', '2001-07-08', '1971-07-01', '2023-12-04 19:04:15', '2023-12-04 19:04:15'),
(32, 3067, '4384097577222', 7, 3, 'Raul Jones V', 'Little-Boyle', '1989-03-24', '1972-07-28', '2023-12-04 19:04:15', '2023-12-04 19:04:15'),
(33, 2851, '5485522137826', 1, 6, 'Rashad Buckridge', 'Vandervort, Heller and Hettinger', '2022-05-04', '1991-12-06', '2023-12-04 19:04:15', '2023-12-04 19:04:15'),
(34, 655, '7239453865482', 9, 1, 'Jordy Connelly', 'Kunze-Gutkowski', '2013-08-21', '2017-12-26', '2023-12-04 19:04:15', '2023-12-04 19:04:15'),
(35, 1944, '9652612729858', 9, 5, 'Brown Stamm II', 'Goldner LLC', '1993-11-04', '1985-07-07', '2023-12-04 19:04:15', '2023-12-04 19:04:15'),
(36, 4702, '7250288186658', 1, 1, 'Alanna Roob', 'Eichmann and Sons', '1983-12-25', '1999-06-02', '2023-12-04 19:04:15', '2023-12-04 19:04:15'),
(37, 2322, '0397041652528', 5, 6, 'Jack Brekke', 'Cummerata, Feeney and Halvorson', '1971-12-06', '1978-12-12', '2023-12-04 19:04:15', '2023-12-04 19:04:15'),
(38, 4946, '7952828086151', 8, 9, 'Burdette Casper DDS', 'Rath, McLaughlin and Reynolds', '1975-09-06', '2000-12-08', '2023-12-04 19:04:15', '2023-12-04 19:04:15'),
(39, 1117, '4554500183351', 3, 3, 'Edd Homenick', 'Kutch PLC', '1981-11-21', '2015-12-31', '2023-12-04 19:04:15', '2023-12-04 19:04:15'),
(40, 2866, '3402781499764', 4, 9, 'Mrs. Gladys Koch DVM', 'Balistreri, Hartmann and Monahan', '1978-06-21', '1977-01-12', '2023-12-04 19:04:15', '2023-12-04 19:04:15'),
(41, 608, '9117373624779', 8, 2, 'Noble Walter', 'Beer, Cummerata and Feeney', '1970-04-23', '2003-10-29', '2023-12-04 19:04:15', '2023-12-04 19:04:15'),
(42, 2363, '0760249242356', 1, 3, 'Madalyn Conroy', 'Bartell-Fadel', '2016-06-16', '1970-12-11', '2023-12-04 19:04:15', '2023-12-04 19:04:15'),
(43, 571, '7796532278521', 7, 2, 'Dr. Sydnie Jacobi', 'Dickinson-Kuvalis', '1983-04-09', '1996-02-26', '2023-12-04 19:04:15', '2023-12-04 19:04:15'),
(44, 2852, '5442088756939', 3, 3, 'Prof. Lacey Rath', 'Beer-Kuvalis', '1982-06-28', '1971-01-02', '2023-12-04 19:04:15', '2023-12-04 19:04:15'),
(45, 940, '1358595211646', 9, 2, 'Jonathan Padberg', 'Breitenberg-Osinski', '1970-06-19', '2015-12-18', '2023-12-04 19:04:15', '2023-12-04 19:04:15'),
(46, 223, '6146537596518', 8, 7, 'Wilburn Gleichner Jr.', 'Keeling-Hyatt', '1975-06-01', '2014-03-25', '2023-12-04 19:04:15', '2023-12-04 19:04:15'),
(47, 1470, '3476213635495', 4, 9, 'Zoey Jast', 'Langworth, Jakubowski and Marvin', '1991-09-30', '1996-03-05', '2023-12-04 19:04:15', '2023-12-04 19:04:15'),
(48, 4834, '1048360129916', 2, 5, 'Stanley Pagac', 'Rogahn-Wyman', '2003-09-28', '2006-06-01', '2023-12-04 19:04:15', '2023-12-04 19:04:15'),
(49, 918, '8353414789941', 4, 5, 'Amalia Collier', 'Harber-Walter', '2020-10-30', '1982-05-23', '2023-12-04 19:04:15', '2023-12-04 19:04:15'),
(50, 3378, '3111762271403', 6, 3, 'Lynn Brown', 'Corkery, Hills and Abernathy', '1999-01-12', '2000-08-10', '2023-12-04 19:04:15', '2023-12-04 19:04:15'),
(51, 4636, '2874873481291', 6, 6, 'Dangelo Batz', 'Marvin, Simonis and Considine', '2007-04-25', '1983-03-24', '2023-12-04 19:04:15', '2023-12-04 19:04:15'),
(52, 3462, '1110721917866', 9, 5, 'Prof. Ervin Jacobs I', 'Ritchie-Collins', '2012-10-26', '2018-12-01', '2023-12-04 19:04:15', '2023-12-04 19:04:15'),
(53, 3434, '2642863219694', 6, 2, 'Ms. Lucie Keebler Jr.', 'Wisozk-Dickens', '1986-06-24', '1993-01-12', '2023-12-04 19:04:15', '2023-12-04 19:04:15'),
(54, 1878, '0226238890651', 9, 7, 'Mr. Johnathon Kutch', 'Feeney, Zboncak and Gerlach', '1991-04-08', '1997-04-18', '2023-12-04 19:04:15', '2023-12-04 19:04:15'),
(55, 2028, '7308934896175', 7, 2, 'Prof. Tremayne Nitzsche', 'Aufderhar PLC', '2008-03-06', '1997-07-03', '2023-12-04 19:04:15', '2023-12-04 19:04:15'),
(56, 2095, '0288461267198', 2, 3, 'Nyasia Boehm', 'Mills and Sons', '2022-03-31', '1993-07-10', '2023-12-04 19:04:15', '2023-12-04 19:04:15'),
(57, 4500, '2947557109535', 1, 5, 'Bailey Funk', 'Borer, Lesch and Ernser', '2015-06-17', '2012-01-21', '2023-12-04 19:04:15', '2023-12-04 19:04:15'),
(58, 2437, '0278176768370', 4, 2, 'Autumn Goodwin', 'Pouros PLC', '1974-07-17', '2007-10-13', '2023-12-04 19:04:15', '2023-12-04 19:04:15'),
(59, 1466, '1810323456960', 5, 2, 'Reva Parker Sr.', 'Cruickshank Ltd', '1987-09-03', '1970-04-14', '2023-12-04 19:04:15', '2023-12-04 19:04:15'),
(60, 3292, '9414270679605', 4, 4, 'Prof. Frederick Hettinger', 'Metz and Sons', '1971-02-08', '1992-02-07', '2023-12-04 19:04:15', '2023-12-04 19:04:15'),
(61, 4983, '5026543894826', 1, 8, 'Prof. Trycia Collier', 'Kuhn Group', '1996-02-01', '2000-02-13', '2023-12-04 19:04:15', '2023-12-04 19:04:15'),
(62, 2350, '5800567397194', 7, 10, 'Candido Hayes', 'Goodwin Inc', '2011-11-12', '2001-11-29', '2023-12-04 19:04:15', '2023-12-04 19:04:15'),
(63, 2178, '6570747648161', 3, 1, 'Luz Hessel', 'Harber-Stokes', '2012-06-23', '1983-04-10', '2023-12-04 19:04:15', '2023-12-04 19:04:15'),
(64, 2153, '1321276855453', 4, 4, 'Ms. Susan Pouros DDS', 'Gerhold PLC', '1984-05-18', '1992-10-22', '2023-12-04 19:04:15', '2023-12-04 19:04:15'),
(65, 465, '0625903878312', 7, 5, 'Edyth Mills', 'Goyette-Mertz', '2004-05-14', '1975-05-06', '2023-12-04 19:04:15', '2023-12-04 19:04:15'),
(66, 3098, '7376900275873', 6, 4, 'Neil Ankunding', 'Gibson PLC', '2017-04-08', '2017-05-24', '2023-12-04 19:04:15', '2023-12-04 19:04:15'),
(67, 4256, '2672403851817', 6, 9, 'Prof. Frederick Friesen', 'Bergstrom, Nader and Kris', '1975-08-16', '1981-06-17', '2023-12-04 19:04:15', '2023-12-04 19:04:15'),
(68, 4292, '9123855116809', 7, 5, 'Narciso Jacobs', 'Mills, Wuckert and Morissette', '2016-12-29', '2002-10-02', '2023-12-04 19:04:15', '2023-12-04 19:04:15'),
(69, 3180, '6981862666846', 2, 9, 'Dr. Pearl Terry V', 'Larkin, Lesch and Grady', '1978-08-21', '2022-04-28', '2023-12-04 19:04:15', '2023-12-04 19:04:15'),
(70, 1225, '0666364267192', 9, 5, 'Bobbie Shanahan', 'Hickle-Rodriguez', '1976-12-03', '2003-09-04', '2023-12-04 19:04:15', '2023-12-04 19:04:15'),
(71, 4195, '3194523313406', 9, 3, 'Maverick Kuhn', 'Jacobson Ltd', '1980-05-14', '1997-05-05', '2023-12-04 19:04:15', '2023-12-04 19:04:15'),
(72, 211, '2995227636645', 4, 3, 'Beryl Stoltenberg', 'Brown, Schmidt and Bogan', '1985-06-28', '2009-12-26', '2023-12-04 19:04:15', '2023-12-04 19:04:15'),
(73, 2124, '1408873816640', 7, 1, 'Anastacio Lynch', 'Flatley-Leuschke', '1988-11-19', '1997-09-11', '2023-12-04 19:04:15', '2023-12-04 19:04:15'),
(74, 3170, '6531724327707', 6, 10, 'Lesly Johnston', 'Ernser, Bednar and Will', '1993-10-13', '1983-06-20', '2023-12-04 19:04:15', '2023-12-04 19:04:15'),
(75, 689, '2595961445574', 1, 4, 'Mr. Erwin Weber PhD', 'Davis-Jenkins', '2012-07-21', '1984-09-10', '2023-12-04 19:04:15', '2023-12-04 19:04:15'),
(76, 1753, '9833226799516', 5, 6, 'Verla Kassulke', 'Goodwin, Kub and Goyette', '1991-02-01', '1983-05-10', '2023-12-04 19:04:15', '2023-12-04 19:04:15'),
(77, 875, '8144932601347', 9, 2, 'Alycia Dach', 'Smith-Schowalter', '2023-03-25', '1997-01-08', '2023-12-04 19:04:15', '2023-12-04 19:04:15'),
(78, 3413, '8252239380091', 9, 9, 'Lolita Gislason', 'Ruecker, Veum and Pacocha', '1973-12-28', '1985-07-19', '2023-12-04 19:04:15', '2023-12-04 19:04:15'),
(79, 1201, '7986084999092', 4, 6, 'Samantha Orn', 'Heidenreich-Kunde', '1995-05-12', '1994-03-03', '2023-12-04 19:04:15', '2023-12-04 19:04:15'),
(80, 353, '4560531201629', 3, 8, 'Casper Jast', 'Bahringer Group', '2016-10-05', '2003-04-19', '2023-12-04 19:04:15', '2023-12-04 19:04:15'),
(81, 3510, '5244187824416', 7, 9, 'Mr. Randall Predovic', 'Oberbrunner, Armstrong and Kuphal', '1989-06-25', '1997-10-12', '2023-12-04 19:04:15', '2023-12-04 19:04:15'),
(82, 1094, '3894320487798', 2, 10, 'Ms. Arlene Kunze', 'Koelpin PLC', '2001-03-14', '1980-05-10', '2023-12-04 19:04:15', '2023-12-04 19:04:15'),
(83, 1256, '3810706437041', 4, 5, 'Leta Hauck', 'Runte-Pacocha', '2011-07-27', '1990-03-18', '2023-12-04 19:04:15', '2023-12-04 19:04:15'),
(84, 3283, '3818574669304', 6, 6, 'Magdalena Champlin', 'Reichert-Daugherty', '1978-11-09', '2019-10-08', '2023-12-04 19:04:15', '2023-12-04 19:04:15'),
(85, 4418, '7001296407910', 3, 1, 'Dr. Arjun Roob III', 'Pagac, Moen and Terry', '2007-06-18', '2016-07-18', '2023-12-04 19:04:15', '2023-12-04 19:04:15'),
(86, 1518, '7013158315486', 5, 9, 'Annette Schuster MD', 'Volkman, Wiegand and Walter', '2000-12-23', '1979-05-16', '2023-12-04 19:04:15', '2023-12-04 19:04:15'),
(87, 1435, '1231107733235', 1, 10, 'Spencer Kozey', 'Turcotte, Langworth and Frami', '2004-05-22', '1996-05-03', '2023-12-04 19:04:15', '2023-12-04 19:04:15'),
(88, 4986, '3764304523449', 9, 4, 'Dr. Ava Eichmann', 'Wisoky, Bartell and Kris', '2020-03-07', '2012-08-28', '2023-12-04 19:04:15', '2023-12-04 19:04:15'),
(89, 2959, '4666192850449', 1, 9, 'Dean Carter', 'Sauer, Larson and Hane', '1988-12-26', '2003-03-26', '2023-12-04 19:04:15', '2023-12-04 19:04:15'),
(90, 4682, '6467229546476', 6, 5, 'Maverick Stehr', 'Davis-Keeling', '2001-03-13', '1972-05-01', '2023-12-04 19:04:15', '2023-12-04 19:04:15'),
(91, 2263, '4364196152766', 7, 10, 'Tony Schultz', 'Hermann Ltd', '1998-09-10', '1983-02-14', '2023-12-04 19:04:15', '2023-12-04 19:04:15'),
(92, 1446, '3399668032223', 1, 4, 'Kyla Baumbach', 'Ledner-Stark', '2016-04-05', '1998-03-10', '2023-12-04 19:04:15', '2023-12-04 19:04:15'),
(93, 3986, '8652289050416', 3, 11, 'Mr. Angelo Cronin', 'Howell, Welch and Bins', '2011-07-14', '2023-02-22', '2023-12-04 19:04:15', '2023-12-04 19:04:15'),
(94, 2875, '1772922330945', 8, 8, 'Prof. Emiliano Schamberger', 'Schinner, Monahan and Carter', '1990-12-27', '2012-04-21', '2023-12-04 19:04:15', '2023-12-04 19:04:15'),
(95, 3934, '5892021776881', 7, 10, 'Miss Lolita Altenwerth PhD', 'Orn PLC', '1975-06-27', '1982-02-13', '2023-12-04 19:04:15', '2023-12-04 19:04:15'),
(96, 4057, '6466028189822', 7, 1, 'Royce Gottlieb', 'Fritsch-Ledner', '2015-10-11', '1970-03-27', '2023-12-04 19:04:15', '2023-12-04 19:04:15'),
(97, 2053, '7151955478321', 7, 1, 'Einar Wilkinson', 'Labadie-Hegmann', '1988-11-25', '1970-09-14', '2023-12-04 19:04:15', '2023-12-04 19:04:15'),
(98, 2636, '8223889673413', 6, 5, 'Reta Streich', 'Dietrich-Ward', '2013-02-24', '1981-06-10', '2023-12-04 19:04:15', '2023-12-04 19:04:15'),
(99, 4342, '1334654753845', 8, 4, 'Frederique Moen', 'McGlynn-Lakin', '2012-01-21', '2023-06-23', '2023-12-04 19:04:15', '2023-12-04 19:04:15'),
(100, 108, '5032106484687', 6, 1, 'Jerrod Fisher', 'Stiedemann, Quitzon and Nienow', '1985-09-30', '2000-12-03', '2023-12-04 19:04:15', '2023-12-04 19:04:15'),
(101, 100, '10011101', 3, 2, 'Chris Hidalgo', 'NETI', '2023-12-05', '2023-12-31', '2023-12-04 23:27:56', '2023-12-04 23:27:56'),
(102, 101, '11001111', 8, 1, 'Charlene Lacap', 'NETI', '2023-12-05', '2023-12-31', '2023-12-04 23:29:25', '2023-12-04 23:29:25');

-- --------------------------------------------------------

--
-- Table structure for table `categories`
--

CREATE TABLE `categories` (
  `id` bigint(20) UNSIGNED NOT NULL,
  `name` varchar(255) NOT NULL,
  `is_deleted` tinyint(1) NOT NULL DEFAULT 0,
  `created_at` timestamp NULL DEFAULT NULL,
  `updated_at` timestamp NULL DEFAULT NULL
) ENGINE=InnoDB DEFAULT CHARSET=utf8mb4 COLLATE=utf8mb4_unicode_ci;

--
-- Dumping data for table `categories`
--

INSERT INTO `categories` (`id`, `name`, `is_deleted`, `created_at`, `updated_at`) VALUES
(1, 'INSTRUCTOR', 0, '2023-12-04 18:37:24', '2023-12-04 18:37:24'),
(2, 'MANDATORY', 0, '2023-12-04 18:37:24', '2023-12-04 18:37:24'),
(3, 'EMPLOYEE STAFF', 0, '2023-12-04 18:37:24', '2023-12-04 18:37:24'),
(4, 'SNGP', 0, '2023-12-04 18:37:24', '2023-12-04 18:37:24'),
(5, 'NTMA', 0, '2023-12-04 18:37:24', '2023-12-04 18:37:24'),
(6, 'OJT', 0, '2023-12-04 18:37:24', '2023-12-04 18:37:24'),
(7, 'VIP', 0, '2023-12-04 18:37:24', '2023-12-04 18:37:24'),
(8, 'DRIVER', 0, '2023-12-04 18:37:24', '2023-12-04 18:37:24'),
(9, 'MAINTENANCE', 0, '2023-12-04 18:37:24', '2023-12-04 18:37:24');

-- --------------------------------------------------------

--
-- Table structure for table `category_types`
--

CREATE TABLE `category_types` (
  `id` bigint(20) UNSIGNED NOT NULL,
  `name` varchar(255) NOT NULL,
  `is_deleted` tinyint(1) NOT NULL DEFAULT 0,
  `created_at` timestamp NULL DEFAULT NULL,
  `updated_at` timestamp NULL DEFAULT NULL
) ENGINE=InnoDB DEFAULT CHARSET=utf8mb4 COLLATE=utf8mb4_unicode_ci;

--
-- Dumping data for table `category_types`
--

INSERT INTO `category_types` (`id`, `name`, `is_deleted`, `created_at`, `updated_at`) VALUES
(1, 'Stay-in', 0, '2023-12-04 18:34:37', '2023-12-04 18:34:37'),
(2, 'Commute', 0, '2023-12-04 18:34:37', '2023-12-04 18:34:37'),
(3, 'External', 0, '2023-12-04 18:34:37', '2023-12-04 18:34:37'),
(4, 'NMC', 0, '2023-12-04 18:34:37', '2023-12-04 18:34:37'),
(5, 'Reviewee', 0, '2023-12-04 18:34:37', '2023-12-04 18:34:37'),
(6, 'Mandatory', 0, '2023-12-04 18:34:37', '2023-12-04 18:34:37'),
(7, 'Upgrading', 0, '2023-12-04 18:34:37', '2023-12-04 18:34:37'),
(8, 'Maritime', 0, '2023-12-04 18:34:37', '2023-12-04 18:34:37'),
(9, 'Cook', 0, '2023-12-04 18:34:37', '2023-12-04 18:34:37'),
(10, 'UTP', 0, '2023-12-04 18:34:37', '2023-12-04 18:34:37'),
(11, 'NYK-REP', 0, '2023-12-04 18:34:37', '2023-12-04 18:34:37');

-- --------------------------------------------------------

--
-- Table structure for table `employee_meal_logs`
--

CREATE TABLE `employee_meal_logs` (
  `id` bigint(20) UNSIGNED NOT NULL,
  `barcode_id` bigint(20) UNSIGNED NOT NULL,
  `date_scanned` date NOT NULL,
  `time_scanned` time NOT NULL,
  `meal_type_id` bigint(20) UNSIGNED NOT NULL,
  `created_at` timestamp NULL DEFAULT NULL,
  `updated_at` timestamp NULL DEFAULT NULL
) ENGINE=InnoDB DEFAULT CHARSET=utf8mb4 COLLATE=utf8mb4_unicode_ci;

--
-- Dumping data for table `employee_meal_logs`
--

INSERT INTO `employee_meal_logs` (`id`, `barcode_id`, `date_scanned`, `time_scanned`, `meal_type_id`, `created_at`, `updated_at`) VALUES
(1, 30, '1972-12-15', '11:52:48', 2, '2023-12-04 19:16:36', '2023-12-04 19:16:36'),
(2, 42, '2002-11-24', '21:35:43', 3, '2023-12-04 19:16:36', '2023-12-04 19:16:36'),
(3, 69, '1989-12-05', '08:54:50', 1, '2023-12-04 19:16:36', '2023-12-04 19:16:36'),
(4, 86, '2015-10-23', '03:48:26', 1, '2023-12-04 19:16:36', '2023-12-04 19:16:36'),
(5, 8, '2007-10-13', '03:40:12', 1, '2023-12-04 19:16:36', '2023-12-04 19:16:36'),
(6, 74, '1980-03-30', '10:55:35', 3, '2023-12-04 19:16:36', '2023-12-04 19:16:36'),
(7, 94, '1982-05-15', '13:34:05', 1, '2023-12-04 19:16:36', '2023-12-04 19:16:36'),
(8, 8, '1979-06-15', '21:21:36', 2, '2023-12-04 19:16:36', '2023-12-04 19:16:36'),
(9, 62, '2022-07-05', '11:51:53', 3, '2023-12-04 19:16:36', '2023-12-04 19:16:36'),
(10, 79, '2020-07-02', '00:56:50', 1, '2023-12-04 19:16:36', '2023-12-04 19:16:36'),
(11, 95, '2006-10-01', '09:42:25', 2, '2023-12-04 19:16:36', '2023-12-04 19:16:36'),
(12, 29, '2004-10-12', '18:06:40', 2, '2023-12-04 19:16:36', '2023-12-04 19:16:36'),
(13, 14, '1991-11-17', '23:21:45', 3, '2023-12-04 19:16:36', '2023-12-04 19:16:36'),
(14, 29, '1973-09-08', '11:31:23', 3, '2023-12-04 19:16:36', '2023-12-04 19:16:36'),
(15, 12, '2016-11-08', '01:57:43', 1, '2023-12-04 19:16:36', '2023-12-04 19:16:36'),
(16, 13, '1975-10-06', '04:27:38', 2, '2023-12-04 19:16:36', '2023-12-04 19:16:36'),
(17, 33, '2021-11-18', '02:52:50', 3, '2023-12-04 19:16:36', '2023-12-04 19:16:36'),
(18, 64, '1986-12-24', '09:11:25', 2, '2023-12-04 19:16:36', '2023-12-04 19:16:36'),
(19, 44, '2008-09-04', '14:44:17', 3, '2023-12-04 19:16:36', '2023-12-04 19:16:36'),
(20, 50, '1986-08-24', '09:29:50', 2, '2023-12-04 19:16:36', '2023-12-04 19:16:36'),
(21, 16, '2021-05-10', '04:33:18', 2, '2023-12-04 19:16:36', '2023-12-04 19:16:36'),
(22, 76, '2023-11-04', '13:58:19', 1, '2023-12-04 19:16:36', '2023-12-04 19:16:36'),
(23, 75, '1977-06-09', '03:33:08', 3, '2023-12-04 19:16:36', '2023-12-04 19:16:36'),
(24, 65, '2019-01-28', '23:05:31', 1, '2023-12-04 19:16:36', '2023-12-04 19:16:36'),
(25, 44, '2007-05-28', '09:54:32', 3, '2023-12-04 19:16:36', '2023-12-04 19:16:36'),
(26, 23, '2022-11-14', '21:06:49', 1, '2023-12-04 19:16:36', '2023-12-04 19:16:36'),
(27, 30, '1979-04-06', '22:29:12', 1, '2023-12-04 19:16:36', '2023-12-04 19:16:36'),
(28, 62, '2013-07-27', '15:50:29', 1, '2023-12-04 19:16:36', '2023-12-04 19:16:36'),
(29, 62, '2003-06-25', '04:12:54', 2, '2023-12-04 19:16:36', '2023-12-04 19:16:36'),
(30, 21, '2003-07-03', '14:26:58', 2, '2023-12-04 19:16:36', '2023-12-04 19:16:36'),
(31, 50, '1982-02-27', '23:15:17', 3, '2023-12-04 19:16:36', '2023-12-04 19:16:36'),
(32, 6, '1977-02-08', '16:52:22', 2, '2023-12-04 19:16:36', '2023-12-04 19:16:36'),
(33, 19, '1978-06-13', '15:43:39', 2, '2023-12-04 19:16:36', '2023-12-04 19:16:36'),
(34, 50, '1979-09-17', '22:24:40', 2, '2023-12-04 19:16:36', '2023-12-04 19:16:36'),
(35, 77, '1985-08-26', '03:19:35', 2, '2023-12-04 19:16:36', '2023-12-04 19:16:36'),
(36, 12, '2018-12-20', '14:14:14', 1, '2023-12-04 19:16:36', '2023-12-04 19:16:36'),
(37, 14, '1996-10-13', '16:49:57', 2, '2023-12-04 19:16:36', '2023-12-04 19:16:36'),
(38, 34, '2007-03-24', '17:24:07', 1, '2023-12-04 19:16:36', '2023-12-04 19:16:36'),
(39, 27, '1974-12-17', '03:27:47', 3, '2023-12-04 19:16:36', '2023-12-04 19:16:36'),
(40, 9, '2008-07-05', '03:36:52', 2, '2023-12-04 19:16:36', '2023-12-04 19:16:36'),
(41, 93, '1975-11-09', '14:54:16', 2, '2023-12-04 19:16:36', '2023-12-04 19:16:36'),
(42, 90, '1990-06-26', '14:19:57', 2, '2023-12-04 19:16:36', '2023-12-04 19:16:36'),
(43, 62, '2015-10-19', '18:35:43', 1, '2023-12-04 19:16:36', '2023-12-04 19:16:36'),
(44, 34, '2022-03-05', '08:30:42', 1, '2023-12-04 19:16:36', '2023-12-04 19:16:36'),
(45, 48, '1976-02-15', '21:10:11', 3, '2023-12-04 19:16:36', '2023-12-04 19:16:36'),
(46, 40, '1986-09-27', '11:58:33', 3, '2023-12-04 19:16:36', '2023-12-04 19:16:36'),
(47, 91, '2015-04-01', '10:24:06', 1, '2023-12-04 19:16:36', '2023-12-04 19:16:36'),
(48, 79, '2022-12-24', '01:16:36', 1, '2023-12-04 19:16:36', '2023-12-04 19:16:36'),
(49, 1, '1989-09-30', '05:04:05', 2, '2023-12-04 19:16:36', '2023-12-04 19:16:36'),
(50, 1, '1971-03-25', '22:45:34', 3, '2023-12-04 19:16:36', '2023-12-04 19:16:36'),
(51, 87, '2017-03-27', '15:21:57', 3, '2023-12-04 19:16:36', '2023-12-04 19:16:36'),
(52, 31, '1999-01-26', '11:07:55', 1, '2023-12-04 19:16:36', '2023-12-04 19:16:36'),
(53, 89, '2018-10-18', '07:31:33', 2, '2023-12-04 19:16:36', '2023-12-04 19:16:36'),
(54, 18, '2009-12-09', '06:05:03', 2, '2023-12-04 19:16:36', '2023-12-04 19:16:36'),
(55, 30, '2006-08-24', '12:13:45', 1, '2023-12-04 19:16:36', '2023-12-04 19:16:36'),
(56, 66, '2007-11-30', '07:39:59', 2, '2023-12-04 19:16:36', '2023-12-04 19:16:36'),
(57, 17, '1985-12-17', '09:40:43', 3, '2023-12-04 19:16:36', '2023-12-04 19:16:36'),
(58, 51, '1998-07-12', '00:37:17', 1, '2023-12-04 19:16:36', '2023-12-04 19:16:36'),
(59, 98, '1994-08-27', '06:31:35', 3, '2023-12-04 19:16:36', '2023-12-04 19:16:36'),
(60, 47, '1988-07-30', '13:42:03', 2, '2023-12-04 19:16:36', '2023-12-04 19:16:36'),
(61, 43, '1974-06-29', '01:30:37', 1, '2023-12-04 19:16:36', '2023-12-04 19:16:36'),
(62, 81, '2020-12-31', '23:12:01', 1, '2023-12-04 19:16:36', '2023-12-04 19:16:36'),
(63, 21, '1999-12-20', '11:31:08', 3, '2023-12-04 19:16:36', '2023-12-04 19:16:36'),
(64, 58, '2022-07-07', '03:56:38', 3, '2023-12-04 19:16:36', '2023-12-04 19:16:36'),
(65, 15, '1972-01-21', '11:13:44', 2, '2023-12-04 19:16:36', '2023-12-04 19:16:36'),
(66, 82, '1978-03-20', '07:44:34', 1, '2023-12-04 19:16:36', '2023-12-04 19:16:36'),
(67, 88, '2003-10-11', '03:24:28', 3, '2023-12-04 19:16:36', '2023-12-04 19:16:36'),
(68, 57, '1995-04-20', '21:38:30', 2, '2023-12-04 19:16:36', '2023-12-04 19:16:36'),
(69, 31, '2022-04-05', '21:45:31', 1, '2023-12-04 19:16:36', '2023-12-04 19:16:36'),
(70, 4, '2003-05-30', '02:40:28', 1, '2023-12-04 19:16:36', '2023-12-04 19:16:36'),
(71, 8, '1986-11-12', '08:04:27', 3, '2023-12-04 19:16:36', '2023-12-04 19:16:36'),
(72, 47, '2009-11-24', '15:29:09', 1, '2023-12-04 19:16:36', '2023-12-04 19:16:36'),
(73, 98, '1995-10-02', '02:02:15', 1, '2023-12-04 19:16:36', '2023-12-04 19:16:36'),
(74, 92, '1988-06-03', '15:55:21', 2, '2023-12-04 19:16:36', '2023-12-04 19:16:36'),
(75, 52, '1977-01-08', '04:17:10', 2, '2023-12-04 19:16:36', '2023-12-04 19:16:36'),
(76, 76, '1975-04-17', '15:42:51', 1, '2023-12-04 19:16:36', '2023-12-04 19:16:36'),
(77, 34, '1985-11-10', '22:49:44', 3, '2023-12-04 19:16:36', '2023-12-04 19:16:36'),
(78, 10, '1976-07-12', '00:43:28', 2, '2023-12-04 19:16:36', '2023-12-04 19:16:36'),
(79, 43, '1991-07-04', '14:52:57', 2, '2023-12-04 19:16:36', '2023-12-04 19:16:36'),
(80, 42, '2022-01-21', '16:23:49', 1, '2023-12-04 19:16:36', '2023-12-04 19:16:36'),
(81, 17, '1973-12-03', '13:58:00', 2, '2023-12-04 19:16:36', '2023-12-04 19:16:36'),
(82, 20, '1970-11-24', '22:42:37', 3, '2023-12-04 19:16:36', '2023-12-04 19:16:36'),
(83, 94, '1986-03-29', '19:04:25', 1, '2023-12-04 19:16:36', '2023-12-04 19:16:36'),
(84, 28, '1970-06-10', '05:31:43', 1, '2023-12-04 19:16:36', '2023-12-04 19:16:36'),
(85, 29, '2012-01-04', '06:45:43', 1, '2023-12-04 19:16:36', '2023-12-04 19:16:36'),
(86, 27, '2021-12-08', '00:59:24', 2, '2023-12-04 19:16:36', '2023-12-04 19:16:36'),
(87, 58, '2014-07-14', '16:11:31', 1, '2023-12-04 19:16:36', '2023-12-04 19:16:36'),
(88, 5, '1984-07-13', '13:17:38', 2, '2023-12-04 19:16:36', '2023-12-04 19:16:36'),
(89, 14, '2003-10-27', '01:26:24', 1, '2023-12-04 19:16:36', '2023-12-04 19:16:36'),
(90, 40, '1988-01-12', '01:36:22', 2, '2023-12-04 19:16:36', '2023-12-04 19:16:36'),
(91, 32, '1974-01-02', '17:44:45', 2, '2023-12-04 19:16:36', '2023-12-04 19:16:36'),
(92, 90, '2009-05-27', '01:14:31', 3, '2023-12-04 19:16:36', '2023-12-04 19:16:36'),
(93, 42, '1979-02-01', '14:17:43', 3, '2023-12-04 19:16:36', '2023-12-04 19:16:36'),
(94, 3, '2008-02-27', '20:51:25', 3, '2023-12-04 19:16:36', '2023-12-04 19:16:36'),
(95, 90, '1981-12-09', '12:42:52', 3, '2023-12-04 19:16:36', '2023-12-04 19:16:36'),
(96, 7, '2019-11-03', '15:42:35', 2, '2023-12-04 19:16:36', '2023-12-04 19:16:36'),
(97, 2, '2006-01-07', '19:45:42', 2, '2023-12-04 19:16:36', '2023-12-04 19:16:36'),
(98, 39, '1982-02-26', '07:27:33', 2, '2023-12-04 19:16:36', '2023-12-04 19:16:36'),
(99, 12, '1993-03-22', '04:04:05', 1, '2023-12-04 19:16:36', '2023-12-04 19:16:36'),
(100, 52, '2017-08-29', '10:16:42', 1, '2023-12-04 19:16:36', '2023-12-04 19:16:36'),
(101, 33, '2012-03-15', '04:50:37', 1, '2023-12-04 19:16:36', '2023-12-04 19:16:36'),
(102, 13, '2014-09-11', '05:46:59', 3, '2023-12-04 19:16:36', '2023-12-04 19:16:36'),
(103, 69, '1987-12-30', '06:00:22', 1, '2023-12-04 19:16:36', '2023-12-04 19:16:36'),
(104, 94, '2009-04-24', '12:42:00', 3, '2023-12-04 19:16:36', '2023-12-04 19:16:36'),
(105, 5, '1982-01-19', '21:55:20', 3, '2023-12-04 19:16:36', '2023-12-04 19:16:36'),
(106, 40, '2020-05-29', '02:37:02', 3, '2023-12-04 19:16:36', '2023-12-04 19:16:36'),
(107, 30, '2017-02-04', '03:02:16', 2, '2023-12-04 19:16:36', '2023-12-04 19:16:36'),
(108, 77, '1984-01-04', '08:52:40', 1, '2023-12-04 19:16:36', '2023-12-04 19:16:36'),
(109, 67, '1971-10-28', '17:38:05', 2, '2023-12-04 19:16:36', '2023-12-04 19:16:36'),
(110, 91, '1994-05-05', '07:46:18', 1, '2023-12-04 19:16:36', '2023-12-04 19:16:36'),
(111, 57, '1980-06-26', '05:02:31', 2, '2023-12-04 19:16:36', '2023-12-04 19:16:36'),
(112, 99, '1986-03-19', '18:10:10', 3, '2023-12-04 19:16:36', '2023-12-04 19:16:36'),
(113, 51, '1993-10-14', '04:47:50', 3, '2023-12-04 19:16:36', '2023-12-04 19:16:36'),
(114, 90, '1976-12-19', '11:41:00', 1, '2023-12-04 19:16:36', '2023-12-04 19:16:36'),
(115, 16, '2015-02-14', '18:42:52', 1, '2023-12-04 19:16:36', '2023-12-04 19:16:36'),
(116, 41, '2014-11-11', '17:15:45', 1, '2023-12-04 19:16:36', '2023-12-04 19:16:36'),
(117, 17, '2009-08-27', '14:00:51', 1, '2023-12-04 19:16:36', '2023-12-04 19:16:36'),
(118, 72, '2006-02-19', '19:34:45', 3, '2023-12-04 19:16:36', '2023-12-04 19:16:36'),
(119, 9, '2023-05-03', '18:50:32', 1, '2023-12-04 19:16:36', '2023-12-04 19:16:36'),
(120, 23, '2010-09-19', '04:08:22', 2, '2023-12-04 19:16:36', '2023-12-04 19:16:36'),
(121, 22, '1971-11-20', '08:57:19', 2, '2023-12-04 19:16:36', '2023-12-04 19:16:36'),
(122, 25, '1996-10-12', '22:25:57', 3, '2023-12-04 19:16:36', '2023-12-04 19:16:36'),
(123, 6, '1988-03-21', '11:48:56', 2, '2023-12-04 19:16:36', '2023-12-04 19:16:36'),
(124, 8, '1971-01-27', '12:28:42', 3, '2023-12-04 19:16:36', '2023-12-04 19:16:36'),
(125, 74, '1977-06-27', '07:36:41', 1, '2023-12-04 19:16:36', '2023-12-04 19:16:36'),
(126, 34, '2020-10-27', '09:42:13', 2, '2023-12-04 19:16:36', '2023-12-04 19:16:36'),
(127, 87, '1971-08-12', '03:02:36', 2, '2023-12-04 19:16:36', '2023-12-04 19:16:36'),
(128, 27, '2007-01-26', '13:20:51', 3, '2023-12-04 19:16:36', '2023-12-04 19:16:36'),
(129, 20, '2004-09-17', '12:46:36', 2, '2023-12-04 19:16:36', '2023-12-04 19:16:36'),
(130, 71, '2022-02-07', '22:39:46', 2, '2023-12-04 19:16:36', '2023-12-04 19:16:36'),
(131, 9, '2007-06-12', '15:25:35', 3, '2023-12-04 19:16:36', '2023-12-04 19:16:36'),
(132, 55, '2002-07-07', '03:01:34', 3, '2023-12-04 19:16:36', '2023-12-04 19:16:36'),
(133, 30, '2011-01-17', '21:24:21', 1, '2023-12-04 19:16:36', '2023-12-04 19:16:36'),
(134, 69, '1988-11-15', '19:14:32', 3, '2023-12-04 19:16:36', '2023-12-04 19:16:36'),
(135, 1, '2017-04-22', '16:27:12', 3, '2023-12-04 19:16:36', '2023-12-04 19:16:36'),
(136, 39, '1980-11-09', '22:45:16', 3, '2023-12-04 19:16:36', '2023-12-04 19:16:36'),
(137, 84, '2006-05-10', '17:56:50', 3, '2023-12-04 19:16:36', '2023-12-04 19:16:36'),
(138, 70, '2021-09-25', '23:55:32', 2, '2023-12-04 19:16:36', '2023-12-04 19:16:36'),
(139, 82, '2022-09-22', '13:28:04', 1, '2023-12-04 19:16:36', '2023-12-04 19:16:36'),
(140, 39, '1985-12-20', '23:14:23', 1, '2023-12-04 19:16:36', '2023-12-04 19:16:36'),
(141, 43, '2014-02-01', '02:59:30', 3, '2023-12-04 19:16:36', '2023-12-04 19:16:36'),
(142, 60, '1996-12-18', '17:07:48', 1, '2023-12-04 19:16:36', '2023-12-04 19:16:36'),
(143, 45, '2021-02-01', '07:53:34', 3, '2023-12-04 19:16:36', '2023-12-04 19:16:36'),
(144, 77, '1972-07-15', '09:01:16', 2, '2023-12-04 19:16:36', '2023-12-04 19:16:36'),
(145, 48, '1972-04-19', '08:49:56', 2, '2023-12-04 19:16:36', '2023-12-04 19:16:36'),
(146, 76, '2008-03-18', '15:05:59', 3, '2023-12-04 19:16:36', '2023-12-04 19:16:36'),
(147, 40, '2002-10-19', '09:08:50', 2, '2023-12-04 19:16:36', '2023-12-04 19:16:36'),
(148, 69, '1978-04-07', '19:07:28', 1, '2023-12-04 19:16:36', '2023-12-04 19:16:36'),
(149, 40, '2016-04-24', '21:54:59', 3, '2023-12-04 19:16:36', '2023-12-04 19:16:36'),
(150, 38, '2018-08-25', '14:14:20', 3, '2023-12-04 19:16:36', '2023-12-04 19:16:36'),
(151, 43, '2005-08-19', '09:34:26', 1, '2023-12-04 19:16:36', '2023-12-04 19:16:36'),
(152, 41, '2015-08-19', '19:30:47', 2, '2023-12-04 19:16:36', '2023-12-04 19:16:36'),
(153, 55, '1994-05-17', '20:29:43', 3, '2023-12-04 19:16:36', '2023-12-04 19:16:36'),
(154, 91, '1995-10-30', '18:51:24', 1, '2023-12-04 19:16:36', '2023-12-04 19:16:36'),
(155, 20, '1983-05-24', '10:55:37', 1, '2023-12-04 19:16:36', '2023-12-04 19:16:36'),
(156, 24, '2020-06-16', '09:20:58', 2, '2023-12-04 19:16:36', '2023-12-04 19:16:36'),
(157, 50, '1970-01-15', '06:00:16', 1, '2023-12-04 19:16:36', '2023-12-04 19:16:36'),
(158, 60, '1982-04-25', '15:10:45', 2, '2023-12-04 19:16:36', '2023-12-04 19:16:36'),
(159, 66, '1978-09-15', '20:47:18', 1, '2023-12-04 19:16:36', '2023-12-04 19:16:36'),
(160, 7, '1986-06-06', '02:54:09', 3, '2023-12-04 19:16:36', '2023-12-04 19:16:36'),
(161, 87, '1999-01-15', '15:12:54', 3, '2023-12-04 19:16:36', '2023-12-04 19:16:36'),
(162, 79, '1989-10-08', '02:16:20', 2, '2023-12-04 19:16:36', '2023-12-04 19:16:36'),
(163, 14, '2015-07-23', '09:55:19', 2, '2023-12-04 19:16:36', '2023-12-04 19:16:36'),
(164, 44, '2001-09-24', '11:31:44', 2, '2023-12-04 19:16:36', '2023-12-04 19:16:36'),
(165, 81, '1992-04-30', '11:43:43', 2, '2023-12-04 19:16:36', '2023-12-04 19:16:36'),
(166, 46, '1995-10-16', '11:28:38', 1, '2023-12-04 19:16:36', '2023-12-04 19:16:36'),
(167, 19, '2016-05-11', '09:12:51', 2, '2023-12-04 19:16:36', '2023-12-04 19:16:36'),
(168, 59, '1984-10-23', '06:26:03', 1, '2023-12-04 19:16:36', '2023-12-04 19:16:36'),
(169, 1, '2003-02-10', '06:07:39', 1, '2023-12-04 19:16:36', '2023-12-04 19:16:36'),
(170, 6, '2011-04-20', '13:10:37', 2, '2023-12-04 19:16:36', '2023-12-04 19:16:36'),
(171, 15, '1995-10-10', '12:15:54', 3, '2023-12-04 19:16:36', '2023-12-04 19:16:36'),
(172, 95, '1975-07-07', '06:12:51', 2, '2023-12-04 19:16:36', '2023-12-04 19:16:36'),
(173, 49, '1981-10-14', '13:37:05', 3, '2023-12-04 19:16:36', '2023-12-04 19:16:36'),
(174, 14, '1988-10-17', '16:58:26', 1, '2023-12-04 19:16:36', '2023-12-04 19:16:36'),
(175, 7, '1982-02-12', '18:09:08', 1, '2023-12-04 19:16:36', '2023-12-04 19:16:36'),
(176, 53, '1981-03-02', '00:32:50', 1, '2023-12-04 19:16:36', '2023-12-04 19:16:36'),
(177, 16, '2002-07-06', '09:46:14', 1, '2023-12-04 19:16:36', '2023-12-04 19:16:36'),
(178, 97, '1984-06-14', '19:14:49', 3, '2023-12-04 19:16:36', '2023-12-04 19:16:36'),
(179, 83, '2005-12-15', '21:07:47', 1, '2023-12-04 19:16:36', '2023-12-04 19:16:36'),
(180, 68, '2016-02-02', '11:13:08', 1, '2023-12-04 19:16:36', '2023-12-04 19:16:36'),
(181, 61, '2019-10-09', '02:41:19', 1, '2023-12-04 19:16:36', '2023-12-04 19:16:36'),
(182, 86, '2016-05-15', '05:28:17', 3, '2023-12-04 19:16:36', '2023-12-04 19:16:36'),
(183, 26, '1974-08-16', '15:01:03', 1, '2023-12-04 19:16:36', '2023-12-04 19:16:36'),
(184, 68, '2004-07-26', '03:41:18', 2, '2023-12-04 19:16:36', '2023-12-04 19:16:36'),
(185, 86, '2008-10-08', '03:28:23', 2, '2023-12-04 19:16:36', '2023-12-04 19:16:36'),
(186, 16, '1994-12-26', '04:21:42', 3, '2023-12-04 19:16:36', '2023-12-04 19:16:36'),
(187, 89, '1984-01-24', '00:48:55', 2, '2023-12-04 19:16:36', '2023-12-04 19:16:36'),
(188, 62, '1993-07-02', '20:52:46', 1, '2023-12-04 19:16:36', '2023-12-04 19:16:36'),
(189, 52, '2007-12-26', '04:43:38', 3, '2023-12-04 19:16:36', '2023-12-04 19:16:36'),
(190, 80, '1987-12-12', '16:22:06', 1, '2023-12-04 19:16:36', '2023-12-04 19:16:36'),
(191, 66, '1983-07-28', '11:10:34', 3, '2023-12-04 19:16:36', '2023-12-04 19:16:36'),
(192, 47, '2012-02-04', '23:30:28', 2, '2023-12-04 19:16:36', '2023-12-04 19:16:36'),
(193, 47, '2001-07-20', '09:49:46', 1, '2023-12-04 19:16:36', '2023-12-04 19:16:36'),
(194, 96, '2013-11-19', '12:44:52', 2, '2023-12-04 19:16:36', '2023-12-04 19:16:36'),
(195, 22, '1978-01-01', '16:45:56', 3, '2023-12-04 19:16:36', '2023-12-04 19:16:36'),
(196, 33, '2008-10-14', '18:03:44', 1, '2023-12-04 19:16:36', '2023-12-04 19:16:36'),
(197, 70, '2023-08-20', '13:18:05', 2, '2023-12-04 19:16:36', '2023-12-04 19:16:36'),
(198, 38, '1994-04-10', '12:31:46', 3, '2023-12-04 19:16:36', '2023-12-04 19:16:36'),
(199, 2, '1985-09-26', '13:08:37', 1, '2023-12-04 19:16:36', '2023-12-04 19:16:36'),
(200, 93, '1993-01-18', '13:56:10', 3, '2023-12-04 19:16:36', '2023-12-04 19:16:36'),
(201, 3, '2023-12-05', '08:20:16', 1, '2023-12-05 00:20:16', '2023-12-05 00:20:16'),
(202, 9, '2023-12-05', '16:46:49', 3, '2023-12-05 08:46:49', '2023-12-05 08:46:49'),
(203, 10, '2023-12-05', '16:59:48', 3, '2023-12-05 08:59:48', '2023-12-05 08:59:48'),
(204, 10, '2023-12-05', '16:59:54', 3, '2023-12-05 08:59:54', '2023-12-05 08:59:54'),
(205, 10, '2023-12-05', '17:00:03', 3, '2023-12-05 09:00:03', '2023-12-05 09:00:03'),
(206, 5, '2023-12-05', '17:02:23', 3, '2023-12-05 09:02:23', '2023-12-05 09:02:23'),
(207, 4, '2023-12-05', '17:02:56', 3, '2023-12-05 09:02:56', '2023-12-05 09:02:56'),
(208, 15, '2023-12-05', '17:03:39', 3, '2023-12-05 09:03:39', '2023-12-05 09:03:39'),
(209, 18, '2023-12-05', '17:04:36', 3, '2023-12-05 09:04:36', '2023-12-05 09:04:36'),
(210, 14, '2023-12-06', '10:12:04', 2, '2023-12-06 02:12:04', '2023-12-06 02:12:04'),
(211, 16, '2023-12-06', '10:12:18', 2, '2023-12-06 02:12:18', '2023-12-06 02:12:18');

-- --------------------------------------------------------

--
-- Table structure for table `failed_jobs`
--

CREATE TABLE `failed_jobs` (
  `id` bigint(20) UNSIGNED NOT NULL,
  `uuid` varchar(255) NOT NULL,
  `connection` text NOT NULL,
  `queue` text NOT NULL,
  `payload` longtext NOT NULL,
  `exception` longtext NOT NULL,
  `failed_at` timestamp NOT NULL DEFAULT current_timestamp()
) ENGINE=InnoDB DEFAULT CHARSET=utf8mb4 COLLATE=utf8mb4_unicode_ci;

-- --------------------------------------------------------

--
-- Table structure for table `meal_types`
--

CREATE TABLE `meal_types` (
  `id` bigint(20) UNSIGNED NOT NULL,
  `name` varchar(255) NOT NULL,
  `created_at` timestamp NULL DEFAULT NULL,
  `updated_at` timestamp NULL DEFAULT NULL
) ENGINE=InnoDB DEFAULT CHARSET=utf8mb4 COLLATE=utf8mb4_unicode_ci;

--
-- Dumping data for table `meal_types`
--

INSERT INTO `meal_types` (`id`, `name`, `created_at`, `updated_at`) VALUES
(1, 'Breakfast', '2023-12-04 19:09:44', '2023-12-04 19:09:44'),
(2, 'Lunch', '2023-12-04 19:09:44', '2023-12-04 19:09:44'),
(3, 'Dinner', '2023-12-04 19:09:44', '2023-12-04 19:09:44');

-- --------------------------------------------------------

--
-- Table structure for table `migrations`
--

CREATE TABLE `migrations` (
  `id` int(10) UNSIGNED NOT NULL,
  `migration` varchar(255) NOT NULL,
  `batch` int(11) NOT NULL
) ENGINE=InnoDB DEFAULT CHARSET=utf8mb4 COLLATE=utf8mb4_unicode_ci;

--
-- Dumping data for table `migrations`
--

INSERT INTO `migrations` (`id`, `migration`, `batch`) VALUES
(1, '2014_10_12_000000_create_users_table', 1),
(2, '2014_10_12_100000_create_password_reset_tokens_table', 1),
(3, '2014_10_12_200000_add_two_factor_columns_to_users_table', 1),
(4, '2019_08_19_000000_create_failed_jobs_table', 1),
(5, '2019_12_14_000001_create_personal_access_tokens_table', 1),
(6, '2023_12_05_021351_create_sessions_table', 1),
(7, '2023_12_05_022821_create_category_types_table', 2),
(8, '2023_12_05_023502_create_categories_table', 3),
(10, '2023_12_05_030055_create_barcodes_table', 4),
(11, '2023_12_05_030659_create_meal_types_table', 5),
(12, '2023_12_05_031022_create_employee_meal_logs_table', 6),
(13, '2023_12_05_031737_create_trainee_lists_table', 7),
(14, '2023_12_05_033629_create_trainee_meal_logs_table', 8),
(15, '2023_12_05_070016_update_barcode', 9);

-- --------------------------------------------------------

--
-- Table structure for table `password_reset_tokens`
--

CREATE TABLE `password_reset_tokens` (
  `email` varchar(255) NOT NULL,
  `token` varchar(255) NOT NULL,
  `created_at` timestamp NULL DEFAULT NULL
) ENGINE=InnoDB DEFAULT CHARSET=utf8mb4 COLLATE=utf8mb4_unicode_ci;

-- --------------------------------------------------------

--
-- Table structure for table `personal_access_tokens`
--

CREATE TABLE `personal_access_tokens` (
  `id` bigint(20) UNSIGNED NOT NULL,
  `tokenable_type` varchar(255) NOT NULL,
  `tokenable_id` bigint(20) UNSIGNED NOT NULL,
  `name` varchar(255) NOT NULL,
  `token` varchar(64) NOT NULL,
  `abilities` text DEFAULT NULL,
  `last_used_at` timestamp NULL DEFAULT NULL,
  `expires_at` timestamp NULL DEFAULT NULL,
  `created_at` timestamp NULL DEFAULT NULL,
  `updated_at` timestamp NULL DEFAULT NULL
) ENGINE=InnoDB DEFAULT CHARSET=utf8mb4 COLLATE=utf8mb4_unicode_ci;

-- --------------------------------------------------------

--
-- Table structure for table `sessions`
--

CREATE TABLE `sessions` (
  `id` varchar(255) NOT NULL,
  `user_id` bigint(20) UNSIGNED DEFAULT NULL,
  `ip_address` varchar(45) DEFAULT NULL,
  `user_agent` text DEFAULT NULL,
  `payload` longtext NOT NULL,
  `last_activity` int(11) NOT NULL
) ENGINE=InnoDB DEFAULT CHARSET=utf8mb4 COLLATE=utf8mb4_unicode_ci;

--
-- Dumping data for table `sessions`
--

INSERT INTO `sessions` (`id`, `user_id`, `ip_address`, `user_agent`, `payload`, `last_activity`) VALUES
('PHFQzHsjfE5WzHcmyf8qxTBUjw7Xab26uB5SV0Zl', 1, '127.0.0.1', 'Mozilla/5.0 (Windows NT 10.0; Win64; x64) AppleWebKit/537.36 (KHTML, like Gecko) Chrome/119.0.0.0 Safari/537.36', 'YTo1OntzOjY6Il90b2tlbiI7czo0MDoib0hyeWhhNllMNkoyTnN4Y0M4R1Y0WmpvZXFEVUUyZE5vWTE1YjFEMSI7czo2OiJfZmxhc2giO2E6Mjp7czozOiJvbGQiO2E6MDp7fXM6MzoibmV3IjthOjA6e319czo5OiJfcHJldmlvdXMiO2E6MTp7czozOiJ1cmwiO3M6NDU6Imh0dHA6Ly8xMjcuMC4wLjE6ODAwMC9FbXAtQmFyY29kZS1MaXN0L2NyZWF0ZSI7fXM6NTA6ImxvZ2luX3dlYl81OWJhMzZhZGRjMmIyZjk0MDE1ODBmMDE0YzdmNThlYTRlMzA5ODlkIjtpOjE7czoyMToicGFzc3dvcmRfaGFzaF9zYW5jdHVtIjtzOjYwOiIkMnkkMTIkNjNnTUpVNG5WeDBSSWhueXRPTUw0dVZaMEdiM2xKR3NmRzVGdzU1QnZDU1dpSWg0SWhEYVciO30=', 1701830949);

-- --------------------------------------------------------

--
-- Table structure for table `trainee_lists`
--

CREATE TABLE `trainee_lists` (
  `id` bigint(20) UNSIGNED NOT NULL,
  `trainee_id` int(11) NOT NULL,
  `enroled_id` int(11) NOT NULL,
  `rank` varchar(255) NOT NULL,
  `lastname` varchar(255) NOT NULL,
  `firstname` varchar(255) NOT NULL,
  `middlename` varchar(255) NOT NULL,
  `suffix` varchar(255) DEFAULT NULL,
  `course` varchar(255) NOT NULL,
  `course_code` varchar(255) NOT NULL,
  `course_type` varchar(255) NOT NULL,
  `company` varchar(255) NOT NULL,
  `bus` varchar(255) NOT NULL,
  `dorm` varchar(255) NOT NULL,
  `training_start_date` date NOT NULL,
  `training_end_date` date NOT NULL,
  `created_at` timestamp NULL DEFAULT NULL,
  `updated_at` timestamp NULL DEFAULT NULL
) ENGINE=InnoDB DEFAULT CHARSET=utf8mb4 COLLATE=utf8mb4_unicode_ci;

--
-- Dumping data for table `trainee_lists`
--

INSERT INTO `trainee_lists` (`id`, `trainee_id`, `enroled_id`, `rank`, `lastname`, `firstname`, `middlename`, `suffix`, `course`, `course_code`, `course_type`, `company`, `bus`, `dorm`, `training_start_date`, `training_end_date`, `created_at`, `updated_at`) VALUES
(1, 97590, 904889856, 'accusantium', 'Friesen', 'Name', 'Gaylord', 'III', 'dolores', 'cupiditate', 'facere', 'Simonis Ltd', 'quo', 'ab', '2006-12-21', '1985-06-22', '2023-12-04 19:25:23', '2023-12-04 19:25:23'),
(2, 46, 883, 'in', 'Schneider', 'Robb', 'Beatty', 'V', 'rerum', 'delectus', 'aliquid', 'Cronin-Kshlerin', 'omnis', 'tempora', '1988-03-28', '2003-08-25', '2023-12-04 19:25:23', '2023-12-04 19:25:23'),
(3, 31109, 890220029, 'iusto', 'Leffler', 'Ramiro', 'Feil', 'Jr.', 'similique', 'est', 'aut', 'Yundt, Murray and Doyle', 'iusto', 'ut', '1987-05-03', '2023-11-13', '2023-12-04 19:25:23', '2023-12-04 19:25:23'),
(4, 1100, 826002432, 'tempora', 'Kshlerin', 'Johann', 'Rodriguez', 'I', 'dolor', 'numquam', 'perferendis', 'Jaskolski, Runolfsson and Kiehn', 'voluptas', 'eius', '1981-09-04', '1972-03-07', '2023-12-04 19:25:23', '2023-12-04 19:25:23'),
(5, 8179, 17, 'nulla', 'Waters', 'Otis', 'Huels', 'IV', 'quae', 'maiores', 'voluptas', 'Boehm Inc', 'doloremque', 'officia', '1991-09-26', '2018-08-01', '2023-12-04 19:25:23', '2023-12-04 19:25:23'),
(6, 4, 2, 'sequi', 'Johnson', 'Pietro', 'Harber', 'Sr.', 'vitae', 'porro', 'dolore', 'King, Funk and Nikolaus', 'ea', 'reprehenderit', '1998-01-19', '1979-07-13', '2023-12-04 19:25:23', '2023-12-04 19:25:23'),
(7, 80297, 18133, 'aut', 'Rowe', 'Keven', 'Gleichner', 'IV', 'placeat', 'quasi', 'veniam', 'Jakubowski, Botsford and Collins', 'laboriosam', 'explicabo', '1996-04-03', '2002-08-13', '2023-12-04 19:25:23', '2023-12-04 19:25:23'),
(8, 663, 98813, 'accusamus', 'Rogahn', 'Vincenza', 'Watsica', 'II', 'consectetur', 'distinctio', 'sed', 'Heathcote-Gislason', 'qui', 'provident', '2008-05-15', '2018-08-13', '2023-12-04 19:25:23', '2023-12-04 19:25:23'),
(9, 589, 16, 'optio', 'Gleichner', 'Buster', 'Bashirian', 'MD', 'illo', 'non', 'iure', 'Moore-Langworth', 'perferendis', 'dolorem', '2006-08-16', '1991-08-18', '2023-12-04 19:25:23', '2023-12-04 19:25:23'),
(10, 1234, 73270, 'nihil', 'Leffler', 'Laron', 'Connelly', 'III', 'rem', 'in', 'vel', 'Gleichner, Kreiger and Abbott', 'in', 'ipsam', '2005-09-27', '2023-11-04', '2023-12-04 19:25:23', '2023-12-04 19:25:23'),
(11, 2827, 27, 'quos', 'Zulauf', 'Mattie', 'Rau', 'PhD', 'nisi', 'itaque', 'deserunt', 'Wolf Inc', 'sed', 'cupiditate', '2004-07-19', '1996-12-06', '2023-12-04 19:25:23', '2023-12-04 19:25:23'),
(12, 293242687, 4016759, 'quia', 'Stiedemann', 'Marcellus', 'Durgan', 'DVM', 'et', 'cum', 'vero', 'Beer-Luettgen', 'et', 'est', '1999-04-26', '2017-01-06', '2023-12-04 19:25:23', '2023-12-04 19:25:23'),
(13, 404204, 8357035, 'libero', 'Mitchell', 'Dahlia', 'Gulgowski', 'V', 'quo', 'adipisci', 'similique', 'Watsica, Kautzer and Reichert', 'quia', 'temporibus', '1980-12-12', '1997-03-16', '2023-12-04 19:25:23', '2023-12-04 19:25:23'),
(14, 0, 1, 'repellat', 'Lesch', 'Kathryn', 'Lubowitz', 'Sr.', 'voluptatibus', 'qui', 'quos', 'Bayer-Fahey', 'ipsam', 'aut', '2011-07-18', '2003-09-15', '2023-12-04 19:25:23', '2023-12-04 19:25:23'),
(15, 195376468, 858409, 'quo', 'Metz', 'Pasquale', 'Senger', 'Sr.', 'est', 'quis', 'placeat', 'Cremin Group', 'molestiae', 'atque', '1994-11-04', '1998-11-27', '2023-12-04 19:25:23', '2023-12-04 19:25:23'),
(16, 70, 177903, 'ipsum', 'Schuppe', 'Dashawn', 'Barton', 'DDS', 'sed', 'nesciunt', 'delectus', 'Hettinger Inc', 'ab', 'doloribus', '2014-03-02', '1983-04-10', '2023-12-04 19:25:23', '2023-12-04 19:25:23'),
(17, 889052, 0, 'quia', 'Goldner', 'Michele', 'McGlynn', 'DDS', 'blanditiis', 'repellendus', 'suscipit', 'Gibson and Sons', 'dolorem', 'cumque', '2016-03-07', '1981-12-25', '2023-12-04 19:25:23', '2023-12-04 19:25:23'),
(18, 209603, 371, 'aut', 'Renner', 'Laverna', 'Labadie', 'DDS', 'deleniti', 'ut', 'officiis', 'Witting-Grimes', 'ratione', 'at', '2013-03-28', '1974-03-19', '2023-12-04 19:25:23', '2023-12-04 19:25:23'),
(19, 73026, 244536477, 'alias', 'Labadie', 'Elda', 'Schmitt', 'MD', 'praesentium', 'et', 'cupiditate', 'Cremin Ltd', 'dolor', 'ea', '1979-07-05', '1982-01-13', '2023-12-04 19:25:23', '2023-12-04 19:25:23'),
(20, 646, 1634, 'temporibus', 'Erdman', 'Fletcher', 'Lubowitz', 'Jr.', 'voluptas', 'sed', 'voluptatem', 'Williamson Group', 'tempora', 'deserunt', '1979-04-30', '2020-10-30', '2023-12-04 19:25:23', '2023-12-04 19:25:23'),
(21, 28, 4, 'consequuntur', 'Lockman', 'Jennifer', 'Pagac', 'II', 'est', 'quia', 'repudiandae', 'Ullrich LLC', 'odio', 'explicabo', '1994-11-21', '1974-09-17', '2023-12-04 19:25:23', '2023-12-04 19:25:23'),
(22, 82416, 13191, 'dolorum', 'White', 'Janiya', 'Terry', 'III', 'impedit', 'atque', 'rerum', 'Crooks-Dickinson', 'nemo', 'ad', '1972-08-22', '1996-09-17', '2023-12-04 19:25:23', '2023-12-04 19:25:23'),
(23, 61, 8115, 'nam', 'Hermiston', 'Estell', 'Leffler', 'II', 'molestias', 'aspernatur', 'id', 'Wunsch-Lockman', 'quo', 'doloribus', '2013-02-01', '1983-10-22', '2023-12-04 19:25:23', '2023-12-04 19:25:23'),
(24, 71446, 83870, 'repellendus', 'Sipes', 'Macy', 'Corkery', 'IV', 'molestiae', 'atque', 'amet', 'Stamm, Medhurst and Kertzmann', 'voluptas', 'vel', '1974-08-10', '1971-03-08', '2023-12-04 19:25:23', '2023-12-04 19:25:23'),
(25, 550046, 42338, 'corrupti', 'Blick', 'Emily', 'Beer', 'DVM', 'facere', 'officia', 'cum', 'Beer LLC', 'voluptatem', 'consequuntur', '2004-09-24', '1972-04-05', '2023-12-04 19:25:23', '2023-12-04 19:25:23'),
(26, 8388, 3167, 'ut', 'Yundt', 'Allan', 'Powlowski', 'PhD', 'vitae', 'nemo', 'sit', 'Smitham, Reichert and Borer', 'nulla', 'ratione', '2011-03-23', '1976-03-31', '2023-12-04 19:25:23', '2023-12-04 19:25:23'),
(27, 82872157, 32750, 'quo', 'Padberg', 'Oma', 'Deckow', 'III', 'rerum', 'suscipit', 'repudiandae', 'Medhurst, Stokes and Kling', 'ullam', 'non', '1974-01-16', '2009-07-10', '2023-12-04 19:25:23', '2023-12-04 19:25:23'),
(28, 8012, 13660777, 'in', 'Shanahan', 'Dena', 'Fadel', 'MD', 'nam', 'minima', 'sint', 'Nolan, Ortiz and Hackett', 'voluptatibus', 'iure', '2018-09-07', '1982-08-29', '2023-12-04 19:25:23', '2023-12-04 19:25:23'),
(29, 39, 58562421, 'eius', 'Kutch', 'Laury', 'Bode', 'MD', 'voluptates', 'autem', 'voluptas', 'Hettinger, Stanton and Hermiston', 'exercitationem', 'inventore', '2014-10-02', '1990-05-29', '2023-12-04 19:25:23', '2023-12-04 19:25:23'),
(30, 8632, 66, 'id', 'Stokes', 'Theo', 'Dooley', 'Sr.', 'et', 'qui', 'officia', 'Purdy, Powlowski and Bosco', 'eos', 'voluptatem', '2001-07-06', '2005-10-25', '2023-12-04 19:25:23', '2023-12-04 19:25:23'),
(31, 38, 82107620, 'laudantium', 'McKenzie', 'Collin', 'Altenwerth', 'III', 'debitis', 'voluptatum', 'autem', 'Heller, Sanford and Wintheiser', 'dicta', 'laboriosam', '1972-04-15', '1979-02-09', '2023-12-04 19:25:23', '2023-12-04 19:25:23'),
(32, 34237, 9, 'deserunt', 'Olson', 'Susanna', 'Gutmann', 'PhD', 'unde', 'quaerat', 'suscipit', 'O\'Hara-Raynor', 'debitis', 'ad', '1972-05-18', '2006-11-27', '2023-12-04 19:25:23', '2023-12-04 19:25:23'),
(33, 390, 3726, 'libero', 'Bergstrom', 'Clare', 'Flatley', 'PhD', 'ut', 'voluptatem', 'dolorem', 'Doyle-Bogan', 'praesentium', 'magni', '1974-04-12', '2009-02-28', '2023-12-04 19:25:23', '2023-12-04 19:25:23'),
(34, 47073717, 546189, 'neque', 'Lueilwitz', 'Pearlie', 'Breitenberg', 'MD', 'vitae', 'sint', 'nisi', 'Halvorson, Pfeffer and Stanton', 'cum', 'laborum', '1994-12-14', '1990-02-02', '2023-12-04 19:25:23', '2023-12-04 19:25:23'),
(35, 868648, 8, 'aut', 'Sauer', 'Paul', 'Littel', 'IV', 'velit', 'dolorem', 'cum', 'Graham, Grimes and Haley', 'dolorem', 'sed', '1977-10-10', '2022-01-07', '2023-12-04 19:25:23', '2023-12-04 19:25:23'),
(36, 24, 35235039, 'non', 'Larkin', 'Nella', 'Gaylord', 'DDS', 'asperiores', 'et', 'est', 'Stroman, Nader and Koelpin', 'quo', 'qui', '2007-02-17', '2001-08-18', '2023-12-04 19:25:23', '2023-12-04 19:25:23'),
(37, 179490, 777798740, 'animi', 'Cartwright', 'Nick', 'Pfannerstill', 'PhD', 'rerum', 'veritatis', 'quae', 'Runolfsson, Koch and Monahan', 'autem', 'in', '2004-05-16', '1972-04-18', '2023-12-04 19:25:23', '2023-12-04 19:25:23'),
(38, 6683605, 841144, 'voluptas', 'Sawayn', 'Julian', 'Kling', 'DVM', 'placeat', 'libero', 'velit', 'Gleason, Stark and Nikolaus', 'rerum', 'perspiciatis', '2011-08-10', '1981-08-19', '2023-12-04 19:25:23', '2023-12-04 19:25:23'),
(39, 5886, 4977726, 'omnis', 'Simonis', 'Bridget', 'Glover', 'DVM', 'nobis', 'consequuntur', 'quisquam', 'Langosh Group', 'sed', 'deserunt', '2006-04-25', '2022-12-03', '2023-12-04 19:25:23', '2023-12-04 19:25:23'),
(40, 468, 7783, 'qui', 'Nicolas', 'Brittany', 'Eichmann', 'DDS', 'occaecati', 'et', 'ut', 'Effertz-Nicolas', 'repudiandae', 'assumenda', '2004-03-05', '2009-07-22', '2023-12-04 19:25:23', '2023-12-04 19:25:23'),
(41, 79119, 86, 'assumenda', 'Batz', 'Blaise', 'Ziemann', 'I', 'consectetur', 'quos', 'nisi', 'Murray PLC', 'ab', 'molestiae', '1981-12-28', '2010-04-08', '2023-12-04 19:25:23', '2023-12-04 19:25:23'),
(42, 4, 33821532, 'voluptas', 'Konopelski', 'Lottie', 'Greenholt', 'IV', 'et', 'sint', 'excepturi', 'Fadel Group', 'quia', 'recusandae', '1997-08-28', '1982-06-19', '2023-12-04 19:25:23', '2023-12-04 19:25:23'),
(43, 459904, 7591, 'et', 'Dooley', 'Cade', 'Grant', 'I', 'dolores', 'quos', 'et', 'Romaguera-Kilback', 'harum', 'porro', '1999-02-28', '1972-03-19', '2023-12-04 19:25:23', '2023-12-04 19:25:23'),
(44, 383, 66117, 'aliquid', 'Ryan', 'Freeda', 'Abbott', 'Sr.', 'neque', 'libero', 'id', 'Lind Group', 'ipsa', 'blanditiis', '1987-12-31', '1985-04-16', '2023-12-04 19:25:23', '2023-12-04 19:25:23'),
(45, 22, 960389917, 'quia', 'Farrell', 'Naomi', 'Fritsch', 'MD', 'ducimus', 'magnam', 'odio', 'Steuber LLC', 'consequatur', 'ut', '1973-02-24', '1981-01-12', '2023-12-04 19:25:23', '2023-12-04 19:25:23'),
(46, 624551, 986504, 'quia', 'Streich', 'Adan', 'Greenfelder', 'MD', 'dignissimos', 'alias', 'necessitatibus', 'Hegmann-Hodkiewicz', 'culpa', 'sequi', '2010-11-14', '1992-02-11', '2023-12-04 19:25:23', '2023-12-04 19:25:23'),
(47, 4447, 68, 'odio', 'Klein', 'Hassan', 'Bartell', 'Sr.', 'assumenda', 'qui', 'quisquam', 'Osinski and Sons', 'laudantium', 'quibusdam', '2005-05-09', '2010-08-12', '2023-12-04 19:25:23', '2023-12-04 19:25:23'),
(48, 6557, 8, 'debitis', 'Trantow', 'Meghan', 'Donnelly', 'DDS', 'pariatur', 'ea', 'nobis', 'Russel, White and Streich', 'aperiam', 'nesciunt', '1982-09-04', '1997-04-11', '2023-12-04 19:25:23', '2023-12-04 19:25:23'),
(49, 43348907, 1038, 'nam', 'Hermann', 'Sterling', 'Marvin', 'II', 'eius', 'neque', 'neque', 'Schuppe-Schuster', 'dolorum', 'ab', '2002-10-06', '2008-10-30', '2023-12-04 19:25:23', '2023-12-04 19:25:23'),
(50, 53604975, 215, 'aut', 'Langworth', 'Melyssa', 'Dibbert', 'IV', 'totam', 'et', 'dolores', 'Hudson-Casper', 'voluptatem', 'natus', '1986-12-25', '1986-03-20', '2023-12-04 19:25:23', '2023-12-04 19:25:23'),
(51, 4, 505, 'sint', 'Boehm', 'Llewellyn', 'Hahn', 'Jr.', 'quas', 'rerum', 'deserunt', 'Huel, Hoppe and Anderson', 'possimus', 'explicabo', '2016-08-20', '2005-07-01', '2023-12-04 19:25:23', '2023-12-04 19:25:23'),
(52, 2960, 570238654, 'dolor', 'Spencer', 'Mac', 'Lind', 'III', 'expedita', 'nemo', 'quidem', 'Becker-Roob', 'soluta', 'deserunt', '1998-08-17', '2008-07-25', '2023-12-04 19:25:23', '2023-12-04 19:25:23'),
(53, 46090, 32, 'cupiditate', 'Little', 'Therese', 'Sanford', 'Sr.', 'corporis', 'sit', 'deleniti', 'Schulist-Gutkowski', 'illum', 'ratione', '2020-12-08', '2000-05-01', '2023-12-04 19:25:23', '2023-12-04 19:25:23'),
(54, 1737, 9727, 'sit', 'Armstrong', 'Desiree', 'Steuber', 'PhD', 'voluptatem', 'dolorem', 'qui', 'Farrell, Stiedemann and Balistreri', 'iste', 'quia', '1990-04-27', '1990-08-13', '2023-12-04 19:25:23', '2023-12-04 19:25:23'),
(55, 600109814, 8, 'et', 'Langworth', 'Amira', 'Lindgren', 'V', 'cumque', 'hic', 'omnis', 'Gleason-Emmerich', 'aut', 'libero', '1972-03-15', '1999-05-13', '2023-12-04 19:25:23', '2023-12-04 19:25:23'),
(56, 306047, 2, 'repellat', 'Dooley', 'Peggie', 'Bogan', 'III', 'laborum', 'aut', 'sequi', 'Shanahan-Erdman', 'laudantium', 'sapiente', '1994-10-17', '1974-01-09', '2023-12-04 19:25:23', '2023-12-04 19:25:23'),
(57, 9396148, 64214, 'at', 'Reilly', 'Damon', 'Huels', 'III', 'iure', 'tenetur', 'itaque', 'Sporer and Sons', 'accusantium', 'qui', '1988-03-25', '1975-08-31', '2023-12-04 19:25:23', '2023-12-04 19:25:23'),
(58, 298, 63, 'cumque', 'Miller', 'Mae', 'Connelly', 'II', 'dolores', 'omnis', 'explicabo', 'Legros, Fay and Wyman', 'adipisci', 'in', '1973-09-22', '2013-01-05', '2023-12-04 19:25:23', '2023-12-04 19:25:23'),
(59, 172, 9524, 'tenetur', 'Sipes', 'Vada', 'Ritchie', 'PhD', 'laudantium', 'rem', 'nulla', 'McClure Group', 'in', 'quasi', '1997-08-10', '1971-04-12', '2023-12-04 19:25:23', '2023-12-04 19:25:23'),
(60, 61748134, 91555, 'ab', 'Kirlin', 'Amira', 'Weber', 'V', 'ipsa', 'est', 'voluptatem', 'Spencer Ltd', 'animi', 'optio', '1970-04-06', '2007-06-14', '2023-12-04 19:25:23', '2023-12-04 19:25:23'),
(61, 883628656, 723, 'repellendus', 'Heller', 'Nils', 'Purdy', 'Sr.', 'id', 'aut', 'aut', 'VonRueden-Carroll', 'qui', 'rerum', '1975-12-11', '2014-05-18', '2023-12-04 19:25:23', '2023-12-04 19:25:23'),
(62, 68, 1639, 'quis', 'Nikolaus', 'Eleonore', 'Raynor', 'PhD', 'fugiat', 'nisi', 'deserunt', 'Hermiston Ltd', 'id', 'ipsam', '1998-08-26', '1974-05-22', '2023-12-04 19:25:23', '2023-12-04 19:25:23'),
(63, 1, 185196624, 'reprehenderit', 'Carter', 'Anastasia', 'Thiel', 'Jr.', 'recusandae', 'et', 'voluptatem', 'Cassin and Sons', 'aut', 'saepe', '1998-06-22', '2021-04-03', '2023-12-04 19:25:23', '2023-12-04 19:25:23'),
(64, 19107, 883, 'dolor', 'Langosh', 'Virginie', 'Hamill', 'PhD', 'omnis', 'quo', 'et', 'Leffler-Medhurst', 'accusamus', 'et', '2003-04-05', '1990-12-12', '2023-12-04 19:25:23', '2023-12-04 19:25:23'),
(65, 6959, 5067, 'officiis', 'Bosco', 'Fabian', 'Lebsack', 'Jr.', 'quae', 'nam', 'repellendus', 'Cartwright, Fisher and Fahey', 'dolor', 'quam', '2016-08-21', '1990-06-12', '2023-12-04 19:25:23', '2023-12-04 19:25:23'),
(66, 2, 200454524, 'atque', 'Mohr', 'Adell', 'Moen', 'I', 'ut', 'molestias', 'sint', 'Streich, Hauck and Dickens', 'et', 'eos', '2019-01-27', '2023-03-01', '2023-12-04 19:25:23', '2023-12-04 19:25:23'),
(67, 571710684, 8649515, 'molestiae', 'Okuneva', 'Clair', 'Windler', 'MD', 'totam', 'consectetur', 'aut', 'Kuhn-Carroll', 'tempora', 'amet', '1995-04-15', '2000-05-02', '2023-12-04 19:25:23', '2023-12-04 19:25:23'),
(68, 362872, 882169339, 'dolorum', 'Barrows', 'Orion', 'Bayer', 'IV', 'ullam', 'non', 'tempore', 'Herman-Murray', 'fugit', 'quisquam', '1986-11-11', '1983-07-02', '2023-12-04 19:25:23', '2023-12-04 19:25:23'),
(69, 7, 701, 'mollitia', 'O\'Keefe', 'Hassan', 'Kessler', 'III', 'dolorem', 'possimus', 'qui', 'Kessler-Hayes', 'ad', 'voluptatem', '2012-01-25', '1984-05-02', '2023-12-04 19:25:23', '2023-12-04 19:25:23'),
(70, 1, 191229559, 'cumque', 'Larkin', 'Maryjane', 'Koss', 'Jr.', 'aut', 'in', 'est', 'Walter-Franecki', 'ipsa', 'laudantium', '1989-11-07', '1973-06-23', '2023-12-04 19:25:23', '2023-12-04 19:25:23'),
(71, 86116, 974, 'est', 'Kerluke', 'Elian', 'Bergstrom', 'IV', 'sunt', 'quo', 'qui', 'Johnson-Fadel', 'voluptatibus', 'temporibus', '1995-07-30', '2013-05-22', '2023-12-04 19:25:23', '2023-12-04 19:25:23'),
(72, 68362415, 15, 'harum', 'Wehner', 'Paula', 'Schinner', 'Sr.', 'a', 'impedit', 'dolorem', 'Reichert-Paucek', 'ut', 'non', '1986-07-02', '1972-11-23', '2023-12-04 19:25:23', '2023-12-04 19:25:23'),
(73, 47253, 2573824, 'quisquam', 'Auer', 'Elfrieda', 'Wehner', 'DDS', 'quia', 'vero', 'rerum', 'Mraz Inc', 'error', 'voluptas', '1984-03-20', '2015-04-24', '2023-12-04 19:25:23', '2023-12-04 19:25:23'),
(74, 409, 92, 'earum', 'Marvin', 'Delores', 'Senger', 'III', 'enim', 'pariatur', 'quia', 'Heidenreich, Stiedemann and Kessler', 'sint', 'cupiditate', '2003-10-07', '1998-11-21', '2023-12-04 19:25:23', '2023-12-04 19:25:23'),
(75, 6137, 9183, 'facere', 'Hartmann', 'Nelda', 'Strosin', 'V', 'minima', 'recusandae', 'accusamus', 'Legros-Davis', 'rerum', 'optio', '2017-09-02', '2023-03-13', '2023-12-04 19:25:23', '2023-12-04 19:25:23'),
(76, 851, 6078, 'alias', 'Connelly', 'Joesph', 'Dooley', 'II', 'quas', 'ducimus', 'sed', 'Thiel, Johnston and Baumbach', 'fuga', 'nobis', '1998-06-08', '2005-07-26', '2023-12-04 19:25:23', '2023-12-04 19:25:23'),
(77, 3454375, 916557, 'blanditiis', 'Murray', 'Erna', 'Mohr', 'III', 'voluptatem', 'qui', 'aut', 'Frami, Spinka and Ondricka', 'in', 'possimus', '1980-05-19', '1983-07-04', '2023-12-04 19:25:23', '2023-12-04 19:25:23'),
(78, 6319344, 55528, 'commodi', 'Willms', 'Kathryne', 'O\'Reilly', 'DVM', 'rem', 'nesciunt', 'omnis', 'Kautzer PLC', 'culpa', 'soluta', '2011-06-28', '2002-10-22', '2023-12-04 19:25:23', '2023-12-04 19:25:23'),
(79, 45758, 18804, 'fuga', 'Schmeler', 'Katrina', 'Schaefer', 'III', 'debitis', 'earum', 'dolorem', 'Ruecker Inc', 'sit', 'ad', '1987-01-10', '1979-01-05', '2023-12-04 19:25:23', '2023-12-04 19:25:23'),
(80, 611, 945, 'et', 'Stracke', 'Leta', 'Padberg', 'DVM', 'eaque', 'aut', 'fugiat', 'Kirlin, Schneider and Gibson', 'saepe', 'non', '1975-05-21', '1981-03-22', '2023-12-04 19:25:23', '2023-12-04 19:25:23'),
(81, 801, 91792854, 'ut', 'Stracke', 'Cathy', 'Lesch', 'PhD', 'vel', 'voluptatum', 'necessitatibus', 'Bednar Inc', 'qui', 'nesciunt', '2004-07-07', '2003-08-07', '2023-12-04 19:25:23', '2023-12-04 19:25:23'),
(82, 6438700, 59105, 'sed', 'Wilkinson', 'Kelvin', 'Kunze', 'I', 'officiis', 'aut', 'ea', 'Larkin-Flatley', 'adipisci', 'occaecati', '2008-11-11', '2022-05-17', '2023-12-04 19:25:23', '2023-12-04 19:25:23'),
(83, 643, 79918378, 'aut', 'Gleason', 'Abner', 'Upton', 'PhD', 'vitae', 'et', 'sit', 'Koss, Eichmann and Muller', 'deserunt', 'doloremque', '2008-03-07', '1985-04-10', '2023-12-04 19:25:23', '2023-12-04 19:25:23'),
(84, 2612, 98, 'odit', 'Predovic', 'Bryce', 'McKenzie', 'Sr.', 'quibusdam', 'aspernatur', 'aperiam', 'Huel and Sons', 'deserunt', 'autem', '2006-04-27', '1977-05-09', '2023-12-04 19:25:23', '2023-12-04 19:25:23'),
(85, 27217158, 5336182, 'est', 'Erdman', 'Destini', 'Koelpin', 'III', 'dignissimos', 'corporis', 'minus', 'Hayes Group', 'culpa', 'saepe', '1994-06-23', '2009-10-23', '2023-12-04 19:25:23', '2023-12-04 19:25:23'),
(86, 42947015, 988427, 'magnam', 'Hermiston', 'Novella', 'Keebler', 'DDS', 'nihil', 'quos', 'vitae', 'Bailey LLC', 'cum', 'natus', '2004-07-23', '1987-04-04', '2023-12-04 19:25:23', '2023-12-04 19:25:23'),
(87, 918638031, 29024365, 'et', 'Toy', 'Brett', 'Kub', 'MD', 'non', 'quia', 'reprehenderit', 'Kuvalis LLC', 'eos', 'quam', '2008-07-18', '1998-12-05', '2023-12-04 19:25:23', '2023-12-04 19:25:23'),
(88, 3859606, 50840, 'et', 'Jakubowski', 'Camylle', 'Lockman', 'Jr.', 'harum', 'nemo', 'tempore', 'Mayer and Sons', 'libero', 'necessitatibus', '1973-10-11', '2003-02-01', '2023-12-04 19:25:23', '2023-12-04 19:25:23'),
(89, 66915, 225883804, 'veniam', 'Little', 'Chelsie', 'Kris', 'DVM', 'sit', 'aperiam', 'mollitia', 'Lowe and Sons', 'cumque', 'dolor', '1979-10-23', '2018-12-13', '2023-12-04 19:25:23', '2023-12-04 19:25:23'),
(90, 402686, 14309454, 'qui', 'McGlynn', 'Sandrine', 'Cronin', 'DVM', 'expedita', 'dolores', 'possimus', 'Hagenes-Kautzer', 'qui', 'officia', '1978-02-20', '2014-12-10', '2023-12-04 19:25:23', '2023-12-04 19:25:23'),
(91, 34504, 657420733, 'at', 'Gusikowski', 'Jordan', 'Walsh', 'Jr.', 'enim', 'consectetur', 'quos', 'Mills LLC', 'velit', 'enim', '2000-07-12', '2019-10-15', '2023-12-04 19:25:23', '2023-12-04 19:25:23'),
(92, 37, 14, 'perferendis', 'Strosin', 'Carter', 'Macejkovic', 'PhD', 'et', 'culpa', 'dolorum', 'Hills, Rath and Brown', 'nam', 'aliquid', '1988-08-06', '1978-05-15', '2023-12-04 19:25:23', '2023-12-04 19:25:23'),
(93, 667, 8900, 'a', 'Abbott', 'Jordan', 'Berge', 'I', 'iusto', 'omnis', 'reiciendis', 'Adams, Rippin and Kassulke', 'sequi', 'rerum', '1991-08-02', '1984-03-17', '2023-12-04 19:25:23', '2023-12-04 19:25:23'),
(94, 699991, 6127, 'placeat', 'Upton', 'Greyson', 'Bailey', 'V', 'autem', 'voluptate', 'debitis', 'Kemmer-Von', 'explicabo', 'consectetur', '2017-04-04', '2016-12-28', '2023-12-04 19:25:24', '2023-12-04 19:25:24'),
(95, 61271249, 38336444, 'quibusdam', 'Bartell', 'Micah', 'Weimann', 'DVM', 'omnis', 'maxime', 'enim', 'Wuckert-Schmeler', 'et', 'repellendus', '1980-04-21', '1996-09-04', '2023-12-04 19:25:24', '2023-12-04 19:25:24'),
(96, 3, 23, 'nihil', 'Lueilwitz', 'Rickie', 'Feest', 'I', 'voluptatum', 'vel', 'molestiae', 'Gerlach, Quigley and Lowe', 'atque', 'culpa', '1979-12-29', '1975-09-02', '2023-12-04 19:25:24', '2023-12-04 19:25:24'),
(97, 3321, 48410, 'iste', 'Frami', 'Vita', 'Zemlak', 'IV', 'neque', 'quo', 'ducimus', 'Daniel, Senger and Reichert', 'nostrum', 'tempore', '2012-02-15', '2008-07-10', '2023-12-04 19:25:24', '2023-12-04 19:25:24'),
(98, 665793481, 96038462, 'magnam', 'Weber', 'Zelda', 'Hirthe', 'II', 'mollitia', 'aut', 'minima', 'Kshlerin-Abernathy', 'consectetur', 'esse', '2002-06-20', '1974-06-15', '2023-12-04 19:25:24', '2023-12-04 19:25:24'),
(99, 48285, 312021, 'vero', 'Durgan', 'Antonina', 'Jenkins', 'III', 'beatae', 'officiis', 'et', 'Collins-DuBuque', 'omnis', 'deserunt', '1979-02-03', '2011-05-24', '2023-12-04 19:25:24', '2023-12-04 19:25:24'),
(100, 650890, 2901, 'officia', 'Prosacco', 'Eloisa', 'Orn', 'DDS', 'sint', 'ea', 'eum', 'Zieme, Schroeder and Jaskolski', 'perspiciatis', 'quasi', '1981-06-10', '2006-11-18', '2023-12-04 19:25:24', '2023-12-04 19:25:24');

-- --------------------------------------------------------

--
-- Table structure for table `trainee_meal_logs`
--

CREATE TABLE `trainee_meal_logs` (
  `id` bigint(20) UNSIGNED NOT NULL,
  `trainee_list_id` bigint(20) UNSIGNED NOT NULL,
  `trainee_id` bigint(20) UNSIGNED NOT NULL,
  `date_scanned` date NOT NULL,
  `time_scanned` time NOT NULL,
  `meal_type_id` bigint(20) UNSIGNED NOT NULL,
  `created_at` timestamp NULL DEFAULT NULL,
  `updated_at` timestamp NULL DEFAULT NULL
) ENGINE=InnoDB DEFAULT CHARSET=utf8mb4 COLLATE=utf8mb4_unicode_ci;

--
-- Dumping data for table `trainee_meal_logs`
--

INSERT INTO `trainee_meal_logs` (`id`, `trainee_list_id`, `trainee_id`, `date_scanned`, `time_scanned`, `meal_type_id`, `created_at`, `updated_at`) VALUES
(1, 91, 17, '1988-07-05', '10:23:03', 3, '2023-12-06 00:15:25', '2023-12-06 00:15:25'),
(2, 20, 10, '1978-01-27', '01:59:16', 1, '2023-12-06 00:15:25', '2023-12-06 00:15:25'),
(3, 23, 51, '2021-01-29', '17:38:41', 1, '2023-12-06 00:15:25', '2023-12-06 00:15:25'),
(4, 63, 93, '1988-07-02', '16:00:25', 3, '2023-12-06 00:15:25', '2023-12-06 00:15:25'),
(5, 94, 41, '1988-09-22', '06:10:12', 3, '2023-12-06 00:15:25', '2023-12-06 00:15:25'),
(6, 85, 36, '2013-08-14', '04:56:45', 1, '2023-12-06 00:15:25', '2023-12-06 00:15:25'),
(7, 69, 85, '2000-02-02', '00:48:30', 3, '2023-12-06 00:15:25', '2023-12-06 00:15:25'),
(8, 97, 52, '1990-09-17', '22:34:14', 2, '2023-12-06 00:15:25', '2023-12-06 00:15:25'),
(9, 45, 35, '2014-01-23', '01:19:19', 2, '2023-12-06 00:15:25', '2023-12-06 00:15:25'),
(10, 81, 68, '1996-12-23', '17:37:02', 2, '2023-12-06 00:15:25', '2023-12-06 00:15:25'),
(11, 36, 11, '1984-04-01', '21:12:29', 1, '2023-12-06 00:15:25', '2023-12-06 00:15:25'),
(12, 51, 74, '2002-12-16', '06:00:44', 3, '2023-12-06 00:15:25', '2023-12-06 00:15:25'),
(13, 69, 90, '1981-03-12', '04:08:40', 2, '2023-12-06 00:15:25', '2023-12-06 00:15:25'),
(14, 48, 26, '2018-07-22', '14:51:36', 3, '2023-12-06 00:15:25', '2023-12-06 00:15:25'),
(15, 4, 75, '2000-03-03', '23:35:36', 3, '2023-12-06 00:15:25', '2023-12-06 00:15:25'),
(16, 29, 84, '2023-10-08', '07:59:46', 3, '2023-12-06 00:15:25', '2023-12-06 00:15:25'),
(17, 1, 74, '1988-03-28', '19:25:15', 1, '2023-12-06 00:15:25', '2023-12-06 00:15:25'),
(18, 60, 97, '2012-09-18', '16:41:26', 1, '2023-12-06 00:15:25', '2023-12-06 00:15:25'),
(19, 81, 96, '1982-02-05', '13:11:54', 2, '2023-12-06 00:15:25', '2023-12-06 00:15:25'),
(20, 92, 84, '1996-11-04', '12:25:27', 3, '2023-12-06 00:15:25', '2023-12-06 00:15:25'),
(21, 30, 30, '1989-12-24', '03:27:44', 1, '2023-12-06 00:15:25', '2023-12-06 00:15:25'),
(22, 95, 14, '1973-02-04', '23:57:42', 3, '2023-12-06 00:15:25', '2023-12-06 00:15:25'),
(23, 32, 53, '1989-05-03', '13:57:17', 2, '2023-12-06 00:15:25', '2023-12-06 00:15:25'),
(24, 56, 60, '1972-06-24', '10:29:09', 3, '2023-12-06 00:15:25', '2023-12-06 00:15:25'),
(25, 52, 64, '1974-10-28', '19:19:07', 3, '2023-12-06 00:15:25', '2023-12-06 00:15:25'),
(26, 54, 5, '2021-03-14', '10:08:29', 3, '2023-12-06 00:15:25', '2023-12-06 00:15:25'),
(27, 70, 7, '2017-01-14', '11:41:41', 3, '2023-12-06 00:15:25', '2023-12-06 00:15:25'),
(28, 65, 12, '2014-02-22', '21:41:25', 3, '2023-12-06 00:15:25', '2023-12-06 00:15:25'),
(29, 91, 93, '1997-03-01', '12:41:53', 3, '2023-12-06 00:15:25', '2023-12-06 00:15:25'),
(30, 10, 23, '1970-07-01', '11:00:38', 2, '2023-12-06 00:15:25', '2023-12-06 00:15:25'),
(31, 81, 63, '2014-09-20', '17:05:51', 2, '2023-12-06 00:15:25', '2023-12-06 00:15:25'),
(32, 69, 66, '2017-06-21', '07:50:00', 3, '2023-12-06 00:15:25', '2023-12-06 00:15:25'),
(33, 37, 15, '1991-12-14', '14:33:00', 2, '2023-12-06 00:15:25', '2023-12-06 00:15:25'),
(34, 33, 21, '1974-12-28', '09:06:54', 1, '2023-12-06 00:15:25', '2023-12-06 00:15:25'),
(35, 25, 92, '1983-10-01', '21:04:06', 3, '2023-12-06 00:15:25', '2023-12-06 00:15:25'),
(36, 43, 97, '2015-06-11', '15:50:18', 2, '2023-12-06 00:15:25', '2023-12-06 00:15:25'),
(37, 15, 96, '2010-01-20', '16:02:06', 3, '2023-12-06 00:15:25', '2023-12-06 00:15:25'),
(38, 58, 9, '1992-01-29', '19:23:22', 1, '2023-12-06 00:15:25', '2023-12-06 00:15:25'),
(39, 47, 38, '1982-10-21', '16:42:16', 2, '2023-12-06 00:15:25', '2023-12-06 00:15:25'),
(40, 39, 69, '1984-03-12', '15:58:44', 1, '2023-12-06 00:15:25', '2023-12-06 00:15:25'),
(41, 94, 87, '2015-10-19', '06:13:53', 2, '2023-12-06 00:15:25', '2023-12-06 00:15:25'),
(42, 65, 7, '2022-06-26', '17:01:23', 1, '2023-12-06 00:15:25', '2023-12-06 00:15:25'),
(43, 66, 74, '2010-09-18', '03:57:41', 2, '2023-12-06 00:15:25', '2023-12-06 00:15:25'),
(44, 64, 6, '2002-11-05', '07:51:34', 2, '2023-12-06 00:15:25', '2023-12-06 00:15:25'),
(45, 40, 74, '1990-06-29', '15:20:00', 3, '2023-12-06 00:15:25', '2023-12-06 00:15:25'),
(46, 31, 14, '1981-04-07', '10:18:20', 3, '2023-12-06 00:15:25', '2023-12-06 00:15:25'),
(47, 35, 48, '1999-04-12', '23:56:23', 1, '2023-12-06 00:15:25', '2023-12-06 00:15:25'),
(48, 89, 1, '2001-05-05', '07:18:19', 2, '2023-12-06 00:15:25', '2023-12-06 00:15:25'),
(49, 66, 16, '2001-08-01', '23:03:08', 1, '2023-12-06 00:15:25', '2023-12-06 00:15:25'),
(50, 74, 5, '1982-10-08', '12:31:28', 2, '2023-12-06 00:15:25', '2023-12-06 00:15:25'),
(51, 59, 77, '1985-10-06', '12:26:34', 1, '2023-12-06 00:15:25', '2023-12-06 00:15:25'),
(52, 97, 34, '1995-03-31', '08:19:17', 2, '2023-12-06 00:15:25', '2023-12-06 00:15:25'),
(53, 79, 27, '1987-01-24', '19:10:14', 1, '2023-12-06 00:15:25', '2023-12-06 00:15:25'),
(54, 96, 50, '1995-12-03', '07:52:34', 2, '2023-12-06 00:15:25', '2023-12-06 00:15:25'),
(55, 4, 3, '1977-09-12', '01:31:27', 2, '2023-12-06 00:15:25', '2023-12-06 00:15:25'),
(56, 29, 26, '1986-01-06', '12:13:33', 1, '2023-12-06 00:15:25', '2023-12-06 00:15:25'),
(57, 86, 40, '1994-04-29', '02:03:31', 3, '2023-12-06 00:15:25', '2023-12-06 00:15:25'),
(58, 1, 42, '1988-08-06', '11:58:36', 1, '2023-12-06 00:15:25', '2023-12-06 00:15:25'),
(59, 92, 22, '2017-11-12', '10:31:17', 2, '2023-12-06 00:15:25', '2023-12-06 00:15:25'),
(60, 19, 18, '1980-11-26', '00:49:57', 1, '2023-12-06 00:15:25', '2023-12-06 00:15:25'),
(61, 67, 54, '2002-08-05', '02:44:03', 1, '2023-12-06 00:15:25', '2023-12-06 00:15:25'),
(62, 68, 95, '2014-11-30', '04:09:19', 2, '2023-12-06 00:15:25', '2023-12-06 00:15:25'),
(63, 99, 37, '2006-07-03', '16:06:26', 1, '2023-12-06 00:15:25', '2023-12-06 00:15:25'),
(64, 76, 91, '1990-03-06', '05:30:18', 3, '2023-12-06 00:15:25', '2023-12-06 00:15:25'),
(65, 73, 72, '2010-03-06', '22:41:42', 2, '2023-12-06 00:15:25', '2023-12-06 00:15:25'),
(66, 68, 31, '2015-11-25', '13:47:30', 1, '2023-12-06 00:15:25', '2023-12-06 00:15:25'),
(67, 27, 34, '1986-04-26', '12:11:33', 1, '2023-12-06 00:15:25', '2023-12-06 00:15:25'),
(68, 78, 1, '1977-11-13', '06:11:14', 2, '2023-12-06 00:15:25', '2023-12-06 00:15:25'),
(69, 73, 35, '1986-11-18', '05:27:51', 1, '2023-12-06 00:15:25', '2023-12-06 00:15:25'),
(70, 19, 16, '2011-05-03', '01:48:09', 3, '2023-12-06 00:15:25', '2023-12-06 00:15:25'),
(71, 46, 54, '1994-04-11', '18:17:00', 3, '2023-12-06 00:15:25', '2023-12-06 00:15:25'),
(72, 90, 25, '2014-06-20', '19:52:54', 3, '2023-12-06 00:15:25', '2023-12-06 00:15:25'),
(73, 26, 76, '2020-06-11', '03:00:00', 1, '2023-12-06 00:15:25', '2023-12-06 00:15:25'),
(74, 34, 43, '1997-06-11', '04:22:42', 1, '2023-12-06 00:15:25', '2023-12-06 00:15:25'),
(75, 53, 40, '1971-03-21', '01:35:52', 3, '2023-12-06 00:15:25', '2023-12-06 00:15:25'),
(76, 8, 67, '2017-03-30', '05:53:55', 1, '2023-12-06 00:15:25', '2023-12-06 00:15:25'),
(77, 93, 93, '1995-06-29', '10:13:51', 2, '2023-12-06 00:15:25', '2023-12-06 00:15:25'),
(78, 86, 93, '2020-03-30', '01:56:38', 3, '2023-12-06 00:15:25', '2023-12-06 00:15:25'),
(79, 35, 78, '1982-12-23', '18:25:26', 2, '2023-12-06 00:15:25', '2023-12-06 00:15:25'),
(80, 45, 85, '1989-06-20', '13:55:23', 1, '2023-12-06 00:15:25', '2023-12-06 00:15:25'),
(81, 19, 40, '2022-03-08', '04:26:10', 1, '2023-12-06 00:15:25', '2023-12-06 00:15:25'),
(82, 86, 7, '1999-03-15', '04:45:39', 3, '2023-12-06 00:15:25', '2023-12-06 00:15:25'),
(83, 38, 98, '2022-07-17', '16:10:14', 3, '2023-12-06 00:15:25', '2023-12-06 00:15:25'),
(84, 89, 4, '1999-02-07', '01:45:57', 3, '2023-12-06 00:15:25', '2023-12-06 00:15:25'),
(85, 22, 62, '2008-02-03', '18:52:51', 1, '2023-12-06 00:15:25', '2023-12-06 00:15:25'),
(86, 99, 31, '1973-09-22', '20:32:03', 1, '2023-12-06 00:15:25', '2023-12-06 00:15:25'),
(87, 75, 77, '2017-01-10', '05:16:55', 3, '2023-12-06 00:15:25', '2023-12-06 00:15:25'),
(88, 48, 13, '1994-06-11', '04:07:06', 3, '2023-12-06 00:15:25', '2023-12-06 00:15:25'),
(89, 13, 24, '2003-11-16', '01:11:38', 1, '2023-12-06 00:15:25', '2023-12-06 00:15:25'),
(90, 60, 57, '2006-08-29', '09:16:57', 3, '2023-12-06 00:15:25', '2023-12-06 00:15:25'),
(91, 74, 61, '1976-02-27', '20:50:12', 1, '2023-12-06 00:15:25', '2023-12-06 00:15:25'),
(92, 4, 93, '1994-02-21', '04:37:39', 2, '2023-12-06 00:15:25', '2023-12-06 00:15:25'),
(93, 65, 73, '1990-10-05', '11:36:48', 2, '2023-12-06 00:15:25', '2023-12-06 00:15:25'),
(94, 74, 17, '1991-11-04', '08:54:30', 1, '2023-12-06 00:15:25', '2023-12-06 00:15:25'),
(95, 89, 28, '1980-10-10', '06:56:01', 3, '2023-12-06 00:15:25', '2023-12-06 00:15:25'),
(96, 5, 51, '2003-06-18', '17:30:22', 3, '2023-12-06 00:15:25', '2023-12-06 00:15:25'),
(97, 90, 19, '1976-07-31', '09:25:00', 1, '2023-12-06 00:15:25', '2023-12-06 00:15:25'),
(98, 56, 77, '2021-01-14', '22:40:56', 2, '2023-12-06 00:15:25', '2023-12-06 00:15:25'),
(99, 42, 87, '1972-10-03', '11:16:12', 2, '2023-12-06 00:15:25', '2023-12-06 00:15:25'),
(100, 22, 20, '2008-06-13', '13:25:49', 1, '2023-12-06 00:15:25', '2023-12-06 00:15:25'),
(108, 33, 390, '2023-12-06', '08:34:50', 1, '2023-12-06 00:34:50', '2023-12-06 00:34:50'),
(109, 34, 47073717, '2023-12-06', '08:35:22', 1, '2023-12-06 00:35:22', '2023-12-06 00:35:22'),
(110, 22, 82416, '2023-12-06', '09:31:29', 1, '2023-12-06 01:31:29', '2023-12-06 01:31:29'),
(111, 19, 73026, '2023-12-06', '09:40:37', 1, '2023-12-06 01:40:37', '2023-12-06 01:40:37'),
(112, 18, 209603, '2023-12-06', '09:41:03', 1, '2023-12-06 01:41:03', '2023-12-06 01:41:03'),
(113, 23, 61, '2023-12-06', '09:41:30', 1, '2023-12-06 01:41:30', '2023-12-06 01:41:30'),
(114, 25, 550046, '2023-12-06', '09:43:03', 1, '2023-12-06 01:43:03', '2023-12-06 01:43:03'),
(115, 55, 600109814, '2023-12-06', '09:45:48', 1, '2023-12-06 01:45:48', '2023-12-06 01:45:48'),
(116, 53, 46090, '2023-12-06', '09:57:13', 1, '2023-12-06 01:57:13', '2023-12-06 01:57:13'),
(117, 56, 306047, '2023-12-06', '09:58:53', 1, '2023-12-06 01:58:53', '2023-12-06 01:58:53'),
(118, 61, 883628656, '2023-12-06', '09:59:37', 1, '2023-12-06 01:59:37', '2023-12-06 01:59:37'),
(119, 31, 38, '2023-12-06', '10:00:48', 2, '2023-12-06 02:00:48', '2023-12-06 02:00:48'),
(120, 33, 390, '2023-12-06', '10:08:59', 2, '2023-12-06 02:08:59', '2023-12-06 02:08:59'),
(121, 35, 868648, '2023-12-06', '10:09:24', 2, '2023-12-06 02:09:24', '2023-12-06 02:09:24'),
(122, 12, 293242687, '2023-12-06', '10:41:05', 2, '2023-12-06 02:41:05', '2023-12-06 02:41:05');

-- --------------------------------------------------------

--
-- Table structure for table `users`
--

CREATE TABLE `users` (
  `id` bigint(20) UNSIGNED NOT NULL,
  `name` varchar(255) NOT NULL,
  `email` varchar(255) NOT NULL,
  `email_verified_at` timestamp NULL DEFAULT NULL,
  `password` varchar(255) NOT NULL,
  `two_factor_secret` text DEFAULT NULL,
  `two_factor_recovery_codes` text DEFAULT NULL,
  `two_factor_confirmed_at` timestamp NULL DEFAULT NULL,
  `remember_token` varchar(100) DEFAULT NULL,
  `current_team_id` bigint(20) UNSIGNED DEFAULT NULL,
  `profile_photo_path` varchar(2048) DEFAULT NULL,
  `created_at` timestamp NULL DEFAULT NULL,
  `updated_at` timestamp NULL DEFAULT NULL
) ENGINE=InnoDB DEFAULT CHARSET=utf8mb4 COLLATE=utf8mb4_unicode_ci;

--
-- Dumping data for table `users`
--

INSERT INTO `users` (`id`, `name`, `email`, `email_verified_at`, `password`, `two_factor_secret`, `two_factor_recovery_codes`, `two_factor_confirmed_at`, `remember_token`, `current_team_id`, `profile_photo_path`, `created_at`, `updated_at`) VALUES
(1, 'Mollee Francisco', 'sherwin.roxas@neti.com.ph', NULL, '$2y$12$63gMJU4nVx0RIhnytOML4uVZ0Gb3lJGsfG5Fw55BvCSWiIh4IhDaW', NULL, NULL, NULL, NULL, NULL, NULL, '2023-12-04 18:16:44', '2023-12-04 18:16:44');

--
-- Indexes for dumped tables
--

--
-- Indexes for table `barcodes`
--
ALTER TABLE `barcodes`
  ADD PRIMARY KEY (`id`),
  ADD KEY `barcodes_category_id_foreign` (`category_id`),
  ADD KEY `barcodes_category_type_id_foreign` (`category_type_id`);

--
-- Indexes for table `categories`
--
ALTER TABLE `categories`
  ADD PRIMARY KEY (`id`);

--
-- Indexes for table `category_types`
--
ALTER TABLE `category_types`
  ADD PRIMARY KEY (`id`);

--
-- Indexes for table `employee_meal_logs`
--
ALTER TABLE `employee_meal_logs`
  ADD PRIMARY KEY (`id`),
  ADD KEY `employee_meal_logs_barcode_id_foreign` (`barcode_id`),
  ADD KEY `employee_meal_logs_meal_type_id_foreign` (`meal_type_id`);

--
-- Indexes for table `failed_jobs`
--
ALTER TABLE `failed_jobs`
  ADD PRIMARY KEY (`id`),
  ADD UNIQUE KEY `failed_jobs_uuid_unique` (`uuid`);

--
-- Indexes for table `meal_types`
--
ALTER TABLE `meal_types`
  ADD PRIMARY KEY (`id`);

--
-- Indexes for table `migrations`
--
ALTER TABLE `migrations`
  ADD PRIMARY KEY (`id`);

--
-- Indexes for table `password_reset_tokens`
--
ALTER TABLE `password_reset_tokens`
  ADD PRIMARY KEY (`email`);

--
-- Indexes for table `personal_access_tokens`
--
ALTER TABLE `personal_access_tokens`
  ADD PRIMARY KEY (`id`),
  ADD UNIQUE KEY `personal_access_tokens_token_unique` (`token`),
  ADD KEY `personal_access_tokens_tokenable_type_tokenable_id_index` (`tokenable_type`,`tokenable_id`);

--
-- Indexes for table `sessions`
--
ALTER TABLE `sessions`
  ADD PRIMARY KEY (`id`),
  ADD KEY `sessions_user_id_index` (`user_id`),
  ADD KEY `sessions_last_activity_index` (`last_activity`);

--
-- Indexes for table `trainee_lists`
--
ALTER TABLE `trainee_lists`
  ADD PRIMARY KEY (`id`);

--
-- Indexes for table `trainee_meal_logs`
--
ALTER TABLE `trainee_meal_logs`
  ADD PRIMARY KEY (`id`),
  ADD KEY `trainee_meal_logs_trainee_list_id_foreign` (`trainee_list_id`),
  ADD KEY `trainee_meal_logs_meal_type_id_foreign` (`meal_type_id`);

--
-- Indexes for table `users`
--
ALTER TABLE `users`
  ADD PRIMARY KEY (`id`),
  ADD UNIQUE KEY `users_email_unique` (`email`);

--
-- AUTO_INCREMENT for dumped tables
--

--
-- AUTO_INCREMENT for table `barcodes`
--
ALTER TABLE `barcodes`
  MODIFY `id` bigint(20) UNSIGNED NOT NULL AUTO_INCREMENT, AUTO_INCREMENT=103;

--
-- AUTO_INCREMENT for table `categories`
--
ALTER TABLE `categories`
  MODIFY `id` bigint(20) UNSIGNED NOT NULL AUTO_INCREMENT, AUTO_INCREMENT=13;

--
-- AUTO_INCREMENT for table `category_types`
--
ALTER TABLE `category_types`
  MODIFY `id` bigint(20) UNSIGNED NOT NULL AUTO_INCREMENT, AUTO_INCREMENT=12;

--
-- AUTO_INCREMENT for table `employee_meal_logs`
--
ALTER TABLE `employee_meal_logs`
  MODIFY `id` bigint(20) UNSIGNED NOT NULL AUTO_INCREMENT, AUTO_INCREMENT=212;

--
-- AUTO_INCREMENT for table `failed_jobs`
--
ALTER TABLE `failed_jobs`
  MODIFY `id` bigint(20) UNSIGNED NOT NULL AUTO_INCREMENT;

--
-- AUTO_INCREMENT for table `meal_types`
--
ALTER TABLE `meal_types`
  MODIFY `id` bigint(20) UNSIGNED NOT NULL AUTO_INCREMENT, AUTO_INCREMENT=4;

--
-- AUTO_INCREMENT for table `migrations`
--
ALTER TABLE `migrations`
  MODIFY `id` int(10) UNSIGNED NOT NULL AUTO_INCREMENT, AUTO_INCREMENT=16;

--
-- AUTO_INCREMENT for table `personal_access_tokens`
--
ALTER TABLE `personal_access_tokens`
  MODIFY `id` bigint(20) UNSIGNED NOT NULL AUTO_INCREMENT;

--
-- AUTO_INCREMENT for table `trainee_lists`
--
ALTER TABLE `trainee_lists`
  MODIFY `id` bigint(20) UNSIGNED NOT NULL AUTO_INCREMENT, AUTO_INCREMENT=101;

--
-- AUTO_INCREMENT for table `trainee_meal_logs`
--
ALTER TABLE `trainee_meal_logs`
  MODIFY `id` bigint(20) UNSIGNED NOT NULL AUTO_INCREMENT, AUTO_INCREMENT=123;

--
-- AUTO_INCREMENT for table `users`
--
ALTER TABLE `users`
  MODIFY `id` bigint(20) UNSIGNED NOT NULL AUTO_INCREMENT, AUTO_INCREMENT=2;

--
-- Constraints for dumped tables
--

--
-- Constraints for table `barcodes`
--
ALTER TABLE `barcodes`
  ADD CONSTRAINT `barcodes_category_id_foreign` FOREIGN KEY (`category_id`) REFERENCES `categories` (`id`),
  ADD CONSTRAINT `barcodes_category_type_id_foreign` FOREIGN KEY (`category_type_id`) REFERENCES `category_types` (`id`);

--
-- Constraints for table `employee_meal_logs`
--
ALTER TABLE `employee_meal_logs`
  ADD CONSTRAINT `employee_meal_logs_barcode_id_foreign` FOREIGN KEY (`barcode_id`) REFERENCES `barcodes` (`id`),
  ADD CONSTRAINT `employee_meal_logs_meal_type_id_foreign` FOREIGN KEY (`meal_type_id`) REFERENCES `meal_types` (`id`);

--
-- Constraints for table `trainee_meal_logs`
--
ALTER TABLE `trainee_meal_logs`
  ADD CONSTRAINT `trainee_meal_logs_meal_type_id_foreign` FOREIGN KEY (`meal_type_id`) REFERENCES `meal_types` (`id`),
  ADD CONSTRAINT `trainee_meal_logs_trainee_list_id_foreign` FOREIGN KEY (`trainee_list_id`) REFERENCES `trainee_lists` (`id`);
COMMIT;

/*!40101 SET CHARACTER_SET_CLIENT=@OLD_CHARACTER_SET_CLIENT */;
/*!40101 SET CHARACTER_SET_RESULTS=@OLD_CHARACTER_SET_RESULTS */;
/*!40101 SET COLLATION_CONNECTION=@OLD_COLLATION_CONNECTION */;
